id,last_name,first_name,MI,SF,full_name,on_board_date,ECI,FSSN,LoA
361,Wilcot,Fields,F,,"WILCOT, FIELDS F ",07/05/2000,75293,880-65-3699,201511
519,Shank,Dick,E,,"SHANK, DICK E ",04/11/2000,15369,712-57-8919,201511
521,Prater,Keen,L,,"PRATER, KEEN L ",05/06/2008,65810,637-79-4420,201511
754,Marcus,Cooper,C,,"MARCUS, COOPER C ",10/20/1995,81258,685-77-1749,201511
399,Littledike,Armando,Y,,"LITTLEDIKE, ARMANDO Y ",02/28/1994,6965,303-86-4363,201512
972,McWard,Harp,X,,"MCWARD, HARP X ",06/28/1995,1426,114-04-8298,201512
357,Buzzing,Gregoor,C,,"BUZZING, GREGOOR C ",05/02/2012,5833,667-81-6626,201514
923,Mably,Brennan,E,,"MABLY, BRENNAN E ",05/21/2016,73049,555-25-8266,201515
930,Dimitrov,Darrin,B,,"DIMITROV, DARRIN B ",07/03/2005,81179,711-16-9873,201517
1000,Rudall,Stacee,E,,"RUDALL, STACEE E ",10/18/2000,76834,335-90-3662,201517
135,Skittreal,Staford,A,,"SKITTREAL, STAFORD A ",10/30/2012,17908,751-12-3331,201518
692,McMains,Skipp,D,,"MCMAINS, SKIPP D ",01/06/2011,30425,815-99-6988,201518
66,Colbeck,Wayne,J,,"COLBECK, WAYNE J ",07/20/2008,48894,294-01-4882,201519
404,Dennis,Chariot,T,,"DENNIS, CHARIOT T ",12/20/2001,21818,169-64-3826,201519
530,Latch,Gannon,O,,"LATCH, GANNON O ",04/01/1994,38813,529-39-8222,201521
170,Toupe,Earlie,F,,"TOUPE, EARLIE F ",08/07/1995,86850,447-92-4331,201522
579,Daftor,Vail,M,,"DAFTOR, VAIL M ",06/23/1995,54508,538-13-7457,201523
745,Marciek,Vachel,T,,"MARCIEK, VACHEL T ",11/19/2005,56323,418-28-4400,201523
495,Krojn,Massimiliano,E,,"KROJN, MASSIMILIANO E ",10/22/2009,18168,156-71-4574,201524
496,Maroney,Verne,M,,"MARONEY, VERNE M ",04/03/2005,15409,114-14-1594,201524
895,Cathro,Jared,I,,"CATHRO, JARED I ",09/06/2014,12604,359-34-5426,201524
897,Balston,Eustace,Z,,"BALSTON, EUSTACE Z ",06/11/2003,31033,665-94-8527,201614
931,Maw,Salomone,L,,"MAW, SALOMONE L ",06/23/2009,39822,650-06-9537,201616
154,Collman,Casar,A,,"COLLMAN, CASAR A ",01/16/2016,92395,132-83-6775,201618
379,Lante,Dimitri,M,,"LANTE, DIMITRI M ",07/07/2009,55488,819-92-0305,201618
737,Colenutt,Shannon,B,,"COLENUTT, SHANNON B ",09/17/2003,7241,267-57-0729,201618
433,Alsopp,Wilfred,C,,"ALSOPP, WILFRED C ",12/10/1998,98759,396-39-8127,201619
855,Gommes,Allister,G,,"GOMMES, ALLISTER G ",07/10/2010,82091,559-33-5129,201619
601,Esh,Abba,E,,"ESH, ABBA E ",12/27/2000,68551,301-39-9633,201620
621,Paddison,Niels,L,,"PADDISON, NIELS L ",04/24/2002,7248,292-93-7594,201620
864,Burnell,Darby,Q,,"BURNELL, DARBY Q ",08/01/1999,71752,540-70-4341,201620
498,Cruickshank,Bailie,G,,"CRUICKSHANK, BAILIE G ",02/03/2000,65159,196-18-6520,201621
990,Burston,Ody,I,,"BURSTON, ODY I ",02/07/2008,5365,187-89-8278,201621
360,Sowerby,Jeffie,S,,"SOWERBY, JEFFIE S ",11/11/2013,69367,461-22-7018,201622
412,Chadney,Marius,Y,,"CHADNEY, MARIUS Y ",09/28/2010,35247,395-94-4032,201622
896,Flann,Tanner,R,,"FLANN, TANNER R ",03/14/2008,1615,212-24-4948,201623
405,Alelsandrowicz,Barry,U,,"ALELSANDROWICZ, BARRY U ",09/28/2001,59264,623-24-8411,201624
329,Niesel,Teodoro,U,,"NIESEL, TEODORO U ",12/13/2009,32530,444-60-4583,201711
761,Caccavari,Skyler,N,,"CACCAVARI, SKYLER N ",08/10/2011,22627,387-56-8210,201712
448,Guerin,Moe,K,,"GUERIN, MOE K ",04/23/2005,72687,378-55-8261,201714
39,Gilogly,Rancell,A,,"GILOGLY, RANCELL A ",06/24/2002,49181,457-33-5087,201715
322,Mapledoram,Raimundo,X,,"MAPLEDORAM, RAIMUNDO X ",04/09/2001,88512,545-35-8887,201715
155,Barrie,Gregoire,J,,"BARRIE, GREGOIRE J ",01/01/2016,36224,884-40-9306,201716
201,Farthin,Ase,Y,,"FARTHIN, ASE Y ",10/26/2000,80212,657-74-0299,201716
624,Janson,Jeremie,B,,"JANSON, JEREMIE B ",02/23/2006,27108,609-48-9852,201716
71,Roch,Hazlett,N,,"ROCH, HAZLETT N ",03/16/1992,2921,268-08-2074,201717
122,Lanston,Lisle,P,,"LANSTON, LISLE P ",03/04/1992,49885,736-59-4365,201718
666,Brammer,Silvan,R,,"BRAMMER, SILVAN R ",07/21/1992,52342,327-37-3952,201718
873,Gerard,Benito,B,,"GERARD, BENITO B ",10/29/1996,44000,166-04-4115,201718
942,De Domenici,Westbrooke,R,,"DE DOMENICI, WESTBROOKE R ",03/24/2004,6774,620-42-9909,201718
213,Leate,Benyamin,R,,"LEATE, BENYAMIN R ",09/27/2001,7338,612-10-1702,201719
952,Isakson,Grant,Q,,"ISAKSON, GRANT Q ",04/19/1993,54428,160-53-1799,201719
251,Borzone,Armin,T,,"BORZONE, ARMIN T ",07/09/2008,26461,550-88-6087,201720
905,Kelly,Brandyn,Z,,"KELLY, BRANDYN Z ",07/28/2000,9761,282-73-0149,201720
406,Davidovich,Brian,J,,"DAVIDOVICH, BRIAN J ",05/15/1998,30865,719-63-9204,201722
709,Dibling,Bordy,Y,,"DIBLING, BORDY Y ",10/02/2001,1739,563-86-5801,201722
755,Parkinson,Richmound,F,,"PARKINSON, RICHMOUND F ",07/16/2003,46141,278-84-6256,201722
903,Lewisham,Claiborn,V,,"LEWISHAM, CLAIBORN V ",11/18/1993,68811,858-73-8852,201723
268,Ridpath,Garrett,C,,"RIDPATH, GARRETT C ",04/12/1993,41387,219-91-7616,201724
634,Amiable,Worden,T,,"AMIABLE, WORDEN T ",01/26/2000,68222,151-79-5015,201724
832,Upward,Bobby,B,,"UPWARD, BOBBY B ",09/24/1992,2245,841-74-5816,201724
554,Warboys,Turner,T,,"WARBOYS, TURNER T ",11/13/2000,8927,706-18-2077,201812
593,Wolters,Brandtr,S,,"WOLTERS, BRANDTR S ",06/18/2019,36360,769-64-3288,201812
922,Flaunier,Barton,Y,,"FLAUNIER, BARTON Y ",07/20/2017,2711,781-93-9468,201812
348,Beaufoy,Wells,D,,"BEAUFOY, WELLS D ",05/01/2016,41204,493-89-5103,201813
366,Kingsmill,Garrard,I,,"KINGSMILL, GARRARD I ",11/29/2011,52848,392-72-1696,201813
584,Giriardelli,Alfredo,L,,"GIRIARDELLI, ALFREDO L ",05/09/2001,76525,630-26-3116,201813
342,Spours,Warner,X,,"SPOURS, WARNER X ",06/20/2008,89112,272-65-3156,201814
877,Reinbeck,Cos,J,,"REINBECK, COS J ",04/10/2012,39160,221-94-5268,201815
220,Sime,Calvin,F,,"SIME, CALVIN F ",10/17/2003,4355,824-53-7384,201816
782,Hallewell,Padraic,V,,"HALLEWELL, PADRAIC V ",03/16/2006,64370,723-52-5114,201816
423,Drains,Rodolph,O,,"DRAINS, RODOLPH O ",04/28/1995,24961,836-11-8160,201817
438,Brind,Barde,T,,"BRIND, BARDE T ",02/24/2010,42514,847-74-4559,201817
734,Scarasbrick,Wallache,N,,"SCARASBRICK, WALLACHE N ",06/06/1997,57672,188-53-0680,201817
57,Harsent,Perkin,W,,"HARSENT, PERKIN W ",06/30/2009,98776,782-96-8610,201820
228,Cousen,Marius,U,,"COUSEN, MARIUS U ",10/21/2004,6047,867-93-5049,201820
307,Machon,Steven,M,,"MACHON, STEVEN M ",12/15/2003,40519,471-58-5356,201820
515,Bellham,Alfons,A,,"BELLHAM, ALFONS A ",03/16/2016,41632,292-42-5541,201820
654,Zucker,Clemente,P,,"ZUCKER, CLEMENTE P ",05/11/2003,47733,301-46-4518,201820
62,Ellams,Merwyn,N,,"ELLAMS, MERWYN N ",11/04/2004,69261,652-72-6957,201821
834,Quickfall,Orson,M,,"QUICKFALL, ORSON M ",03/04/2005,80891,646-57-6045,201822
384,Gowler,Isidro,P,,"GOWLER, ISIDRO P ",09/09/2003,10497,609-67-4136,201823
565,Tyas,Vincenz,O,,"TYAS, VINCENZ O ",08/30/2003,16928,624-17-2241,201823
815,Coviello,Germayne,P,,"COVIELLO, GERMAYNE P ",01/04/2004,37701,292-52-9377,201823
233,Jellyman,Bernardo,J,,"JELLYMAN, BERNARDO J ",02/09/2017,94081,856-80-0191,201824
667,Jumeau,Bevin,I,,"JUMEAU, BEVIN I ",09/11/2018,89485,861-61-7230,201824
230,Duffet,Humfrey,W,,"DUFFET, HUMFREY W ",11/21/2003,23720,678-71-1591,201825
321,Shorie,Dudley,Y,,"SHORIE, DUDLEY Y ",05/26/1993,15638,718-81-5731,201910
613,Cornau,Wyatt,L,,"CORNAU, WYATT L ",08/20/1998,6668,546-05-6984,201910
795,Grindell,Sidnee,P,,"GRINDELL, SIDNEE P ",07/20/2007,91329,255-45-2903,201910
174,Storres,Erskine,Z,,"STORRES, ERSKINE Z ",05/24/2000,79400,841-77-8799,201911
378,Polack,Augustus,A,,"POLACK, AUGUSTUS A ",03/05/2010,50022,151-24-2031,201911
452,Harbor,Jefferey,U,,"HARBOR, JEFFEREY U ",10/12/2007,45045,195-44-0355,201912
51,Lathe,Braden,E,,"LATHE, BRADEN E ",09/17/2008,37141,800-49-7797,201913
351,MacNulty,Yance,C,,"MACNULTY, YANCE C ",01/05/1999,89400,461-37-9197,201913
622,Westell,William,A,,"WESTELL, WILLIAM A ",03/02/2005,35967,216-86-2538,201914
196,Bittlestone,Parke,V,,"BITTLESTONE, PARKE V ",03/19/2006,92724,459-35-5008,201915
663,Pau,Antony,M,,"PAU, ANTONY M ",05/20/2009,53981,193-48-9110,201915
296,Docker,Isac,I,,"DOCKER, ISAC I ",07/06/2003,39057,702-92-6968,201916
740,Martyn,Myron,I,,"MARTYN, MYRON I ",07/10/2013,22684,883-02-5097,201921
146,Crosio,Etienne,K,,"CROSIO, ETIENNE K ",09/03/2006,51711,332-03-6398,201922
945,Grimditch,Jeff,B,,"GRIMDITCH, JEFF B ",04/09/2001,17685,237-11-4785,201923
244,Morad,Eziechiele,O,,"MORAD, EZIECHIELE O ",01/04/1993,89944,435-49-6757,201924
598,Burnand,Jo,E,,"BURNAND, JO E ",09/19/2010,45441,701-03-1628,201924
375,McGillecole,Alisander,U,,"MCGILLECOLE, ALISANDER U ",01/05/2003,79522,347-57-6589,201925
207,Soar,Job,X,,"SOAR, JOB X ",04/04/2008,37268,612-18-1547,202010
162,Deneve,Orrin,C,,"DENEVE, ORRIN C ",01/19/2000,96133,822-07-1995,202011
38,Ollerton,Eduardo,E,,"OLLERTON, EDUARDO E ",03/24/2001,99829,206-36-7116,202012
288,Humble,Dillon,X,,"HUMBLE, DILLON X ",03/27/2009,92031,249-73-3614,202012
529,Petrenko,Flin,N,,"PETRENKO, FLIN N ",10/07/1999,80900,863-02-1688,202012
585,Mayow,Philbert,X,,"MAYOW, PHILBERT X ",05/18/2007,90484,662-51-8904,202012
626,Ferreo,Nealson,Z,,"FERREO, NEALSON Z ",03/30/2013,80942,545-37-2428,202012
458,Gard,Xymenes,E,,"GARD, XYMENES E ",01/07/2015,96140,704-77-4880,202014
534,Freestone,Normy,G,,"FREESTONE, NORMY G ",07/08/2008,63906,222-03-3034,202014
859,Kingzett,Sigvard,F,,"KINGZETT, SIGVARD F ",02/21/2018,1339,188-22-3794,202014
129,Ccomini,Jose,D,,"CCOMINI, JOSE D ",01/18/2009,20839,357-72-8140,202015
407,Knapman,Kennie,J,,"KNAPMAN, KENNIE J ",12/18/1999,13615,721-42-6904,202015
419,Maving,Lynn,Z,,"MAVING, LYNN Z ",09/09/2006,56688,487-77-8389,202015
331,Haitlie,Tanner,Q,,"HAITLIE, TANNER Q ",09/20/1997,85932,702-58-6320,202017
962,Lutwidge,Knox,S,,"LUTWIDGE, KNOX S ",05/23/1999,91195,649-93-8309,202017
982,Beagan,Tomaso,H,II,"BEAGAN, TOMASO H II",05/06/1993,83022,818-82-8509,202017
721,Odlin,Marmaduke,A,,"ODLIN, MARMADUKE A ",05/31/2000,89156,122-80-5784,202019
783,Dyball,Hermie,B,,"DYBALL, HERMIE B ",03/13/2012,62832,304-47-8062,202019
924,Kikke,Ashton,Z,,"KIKKE, ASHTON Z ",04/23/1996,59487,447-54-3573,202019
350,Oakes,Gaspar,P,,"OAKES, GASPAR P ",12/16/2011,39578,706-05-2964,202020
359,Reilingen,Geri,C,,"REILINGEN, GERI C ",10/17/2019,4471,406-43-5400,202020
178,Yeowell,Elton,T,IV,"YEOWELL, ELTON T IV",07/03/1996,61740,302-40-7457,202023
210,Cardillo,Gare,G,,"CARDILLO, GARE G ",01/18/2006,63134,679-46-9362,202023
383,Slad,Frasco,H,,"SLAD, FRASCO H ",09/15/2000,74410,783-12-7442,202023
78,Alcalde,Pepe,K,,"ALCALDE, PEPE K ",09/11/2004,23181,636-22-9826,202025
503,Conyard,Chauncey,C,,"CONYARD, CHAUNCEY C ",07/13/2007,97549,653-22-5372,202025
434,Emmett,Lindsey,C,,"EMMETT, LINDSEY C ",04/12/2007,45616,742-99-2652,202110
536,O'Currine,Kingston,S,,"O'CURRINE, KINGSTON S ",03/25/2001,77660,743-09-2557,202112
946,Pencot,Paxon,H,,"PENCOT, PAXON H ",01/30/2000,61748,809-51-3255,202112
28,MacAscaidh,Araldo,Z,,"MACASCAIDH, ARALDO Z ",12/23/2000,3537,586-96-4522,202113
726,Osgood,Peyton,I,,"OSGOOD, PEYTON I ",09/17/2017,90072,262-06-6635,202113
691,Hincham,Danya,G,,"HINCHAM, DANYA G ",06/13/1999,71439,737-32-2889,202114
818,Conrart,Gherardo,U,,"CONRART, GHERARDO U ",05/02/1997,16442,534-17-4469,202114
996,Roblin,Georgie,A,,"ROBLIN, GEORGIE A ",05/15/1993,80545,409-75-7878,202114
655,Polhill,Vladimir,H,,"POLHILL, VLADIMIR H ",05/16/2018,21569,301-67-0281,202117
7,Potte,Sauncho,N,,"POTTE, SAUNCHO N ",08/31/2002,77938,619-77-1898,202118
907,MacGaughie,Ty,I,,"MACGAUGHIE, TY I ",01/27/2009,98639,829-53-8774,202118
370,Pratley,Valentin,Z,,"PRATLEY, VALENTIN Z ",12/03/2010,90773,421-64-3991,202119
662,Keppe,Emery,K,,"KEPPE, EMERY K ",02/06/2016,49050,361-21-2182,202120
97,Jime,Wilfrid,K,,"JIME, WILFRID K ",07/21/1996,50221,733-43-4549,202121
393,Overington,Angus,K,,"OVERINGTON, ANGUS K ",01/01/2016,47777,118-01-2549,202121
841,Ekkel,Moses,E,,"EKKEL, MOSES E ",02/15/2001,49932,632-76-7766,202121
854,Tapsfield,Igor,N,,"TAPSFIELD, IGOR N ",07/10/2004,87195,579-59-0799,202123
784,Godball,Ban,O,,"GODBALL, BAN O ",10/21/1996,31795,163-75-6969,202125
1,Durning,Fonzie,C,,"DURNING, FONZIE C ",07/14/2017,15968,205-01-4287,202201
2,Stefi,Archer,T,,"STEFI, ARCHER T ",05/13/2004,48190,163-32-0002,202201
3,Shillaber,Alric,T,,"SHILLABER, ALRIC T ",04/28/2002,61108,412-25-1516,202201
4,Collumbine,Phillipe,F,,"COLLUMBINE, PHILLIPE F ",02/17/2017,52918,147-27-5636,202201
5,Line,Hermann,S,,"LINE, HERMANN S ",05/11/1997,21894,776-16-6779,202203
6,Anstis,Harlin,M,III,"ANSTIS, HARLIN M III",02/28/1994,66217,704-61-0280,202204
8,Bartos,Phip,P,,"BARTOS, PHIP P ",04/28/2018,11986,732-05-6506,202204
9,Filyaev,Parrnell,X,Jr,"FILYAEV, PARRNELL X JR",06/10/2006,42268,562-71-0621,202204
10,Gyngell,Pearce,R,,"GYNGELL, PEARCE R ",02/13/2010,436,577-75-2688,202204
11,Folley,Aylmar,Z,,"FOLLEY, AYLMAR Z ",07/10/1995,89998,191-12-9058,202205
12,Atcock,Whit,X,,"ATCOCK, WHIT X ",09/10/2000,48223,767-01-0670,202205
13,Gately,Sylas,C,,"GATELY, SYLAS C ",05/03/2003,14855,167-09-4833,202205
14,Laible,Sylvester,E,,"LAIBLE, SYLVESTER E ",04/11/2019,13505,797-72-9133,202205
15,Mufford,Saxon,O,,"MUFFORD, SAXON O ",02/26/2017,20759,584-16-6177,202205
16,Amis,Yorgo,A,II,"AMIS, YORGO A II",09/14/1997,13923,782-18-0304,202205
17,Bernette,Lars,J,,"BERNETTE, LARS J ",05/18/1994,33256,430-04-8359,202205
18,Autrie,Richardo,D,,"AUTRIE, RICHARDO D ",08/16/2013,13812,700-98-9552,202205
19,Soppit,Cosimo,G,,"SOPPIT, COSIMO G ",11/13/2003,58668,476-91-3808,202205
20,Bygraves,Morey,L,,"BYGRAVES, MOREY L ",06/08/2017,77387,445-15-2295,202205
21,Abbatucci,Richmound,H,,"ABBATUCCI, RICHMOUND H ",06/20/1994,26544,605-39-3329,202205
22,Ionn,Alister,J,,"IONN, ALISTER J ",02/22/2001,12684,539-71-1471,202205
23,Goodman,Weston,T,,"GOODMAN, WESTON T ",04/19/2008,33442,808-11-9039,202205
24,Tuddenham,Gar,X,,"TUDDENHAM, GAR X ",04/18/2000,64644,452-25-5078,202205
25,Forestall,Steffen,T,,"FORESTALL, STEFFEN T ",07/06/2008,11608,883-14-1076,202205
26,Chesser,Stearne,J,,"CHESSER, STEARNE J ",07/17/1996,77597,346-27-5202,202205
27,Stores,Dirk,C,,"STORES, DIRK C ",07/23/2006,53082,888-37-2379,202205
29,Caveill,Geoff,B,,"CAVEILL, GEOFF B ",02/13/2006,97910,827-01-8698,202205
30,Deex,Husain,C,,"DEEX, HUSAIN C ",07/15/2000,83001,547-58-7972,202205
31,Cradoc,Chandler,S,,"CRADOC, CHANDLER S ",06/06/2018,86656,333-26-0434,202205
32,Bohike,Obediah,R,,"BOHIKE, OBEDIAH R ",01/05/2004,65429,536-86-8350,202205
33,Lehmann,Hilton,D,,"LEHMANN, HILTON D ",04/29/1996,16402,815-28-0437,202205
34,Dunbar,Neil,N,,"DUNBAR, NEIL N ",05/07/2018,44864,271-16-6857,202205
35,Abele,Sauncho,F,,"ABELE, SAUNCHO F ",01/15/2008,86373,191-68-9170,202205
36,Casaccio,Valle,C,,"CASACCIO, VALLE C ",10/24/2015,10922,198-85-9041,202205
37,Tooley,Horacio,B,,"TOOLEY, HORACIO B ",03/06/2009,91502,850-25-9466,202205
40,Mickan,Brion,G,,"MICKAN, BRION G ",09/28/1996,11339,299-23-9065,202205
41,Voff,Cosme,B,,"VOFF, COSME B ",07/03/2012,72935,513-39-6863,202205
42,Titmarsh,Nap,S,,"TITMARSH, NAP S ",11/27/2008,27736,353-04-2669,202205
43,Kneel,Hilarius,J,,"KNEEL, HILARIUS J ",11/30/2017,14082,619-10-9645,202205
44,Vinsen,Sebastiano,H,,"VINSEN, SEBASTIANO H ",01/01/2013,79397,769-50-5462,202205
45,Jonuzi,Merrick,I,,"JONUZI, MERRICK I ",04/27/1998,81241,825-55-5872,202205
46,Tune,Jamal,H,,"TUNE, JAMAL H ",12/26/1994,90914,745-42-0108,202205
47,Attride,Kahlil,T,,"ATTRIDE, KAHLIL T ",04/09/1999,3205,799-20-8550,202205
48,Noar,Adams,J,,"NOAR, ADAMS J ",06/05/2018,32588,563-01-9737,202205
49,Cranstone,Rob,P,,"CRANSTONE, ROB P ",01/27/2009,36836,735-54-0195,202205
50,Graffin,Linoel,Z,,"GRAFFIN, LINOEL Z ",03/22/1993,51470,143-91-2324,202205
52,Mintoff,Phillipp,L,Jr,"MINTOFF, PHILLIPP L JR",09/23/2009,42507,708-72-2137,202205
53,Drissell,Nappie,R,,"DRISSELL, NAPPIE R ",10/30/2009,39392,700-01-3970,202205
54,Peddel,Radcliffe,P,,"PEDDEL, RADCLIFFE P ",09/26/2009,69582,459-72-2650,202205
55,Dike,Ferdinand,X,,"DIKE, FERDINAND X ",05/24/2006,30615,424-93-5203,202205
56,Worrell,Quill,U,,"WORRELL, QUILL U ",07/06/2009,34347,564-74-0298,202205
58,Kenaway,Rolland,J,,"KENAWAY, ROLLAND J ",10/17/2012,84529,757-12-2236,202205
59,Gauld,Kristoforo,Q,,"GAULD, KRISTOFORO Q ",12/31/1993,29858,205-56-9181,202205
60,Etheredge,Kimble,L,,"ETHEREDGE, KIMBLE L ",10/22/2006,4418,162-81-0420,202205
61,Jouandet,Harland,J,,"JOUANDET, HARLAND J ",09/28/2012,64770,429-81-0610,202205
63,Denyagin,Wilhelm,U,,"DENYAGIN, WILHELM U ",08/15/2005,30711,653-33-9638,202205
64,German,Shaughn,I,,"GERMAN, SHAUGHN I ",02/24/1999,63774,554-91-6978,202205
65,Stollmeyer,Darrin,H,,"STOLLMEYER, DARRIN H ",09/20/2004,3629,822-51-1022,202205
67,Sprasen,Abe,E,,"SPRASEN, ABE E ",12/07/2016,31198,565-09-0579,202205
68,Whisby,Lonny,P,,"WHISBY, LONNY P ",11/20/2011,31861,194-38-2448,202205
69,Bealton,Nickolai,M,,"BEALTON, NICKOLAI M ",12/06/2016,74812,604-51-5546,202205
70,Lindman,Tobiah,Z,,"LINDMAN, TOBIAH Z ",03/29/1994,36449,108-69-5268,202205
72,Mackrell,Benoit,O,,"MACKRELL, BENOIT O ",04/11/2009,81323,471-65-4767,202205
73,Ledwidge,Curtis,R,,"LEDWIDGE, CURTIS R ",02/07/2004,26848,139-70-7212,202205
74,Denis,Rene,E,,"DENIS, RENE E ",12/17/1995,35102,389-17-2750,202205
75,Rosthorn,Pete,V,,"ROSTHORN, PETE V ",09/12/2009,32815,723-36-1148,202205
76,Rabb,Emmerich,G,,"RABB, EMMERICH G ",07/04/2012,92751,545-75-1671,202205
77,Lorne,Hugibert,V,,"LORNE, HUGIBERT V ",10/25/2017,19759,649-04-4005,202205
79,Shevlane,Thomas,P,,"SHEVLANE, THOMAS P ",11/24/2011,95646,227-17-3894,202205
80,Shermar,Elston,B,,"SHERMAR, ELSTON B ",04/05/2002,5532,369-85-2436,202205
81,Tomlinson,Uri,T,,"TOMLINSON, URI T ",12/26/1995,81561,233-48-2158,202205
82,Crumly,Kilian,E,,"CRUMLY, KILIAN E ",03/31/2010,32642,468-32-6143,202205
83,Cholomin,Willis,A,,"CHOLOMIN, WILLIS A ",04/24/1999,39488,748-28-4758,202205
84,Breadon,Clair,Q,Sr,"BREADON, CLAIR Q SR",11/08/2009,45400,894-52-0101,202205
85,Shalcras,Nealy,A,,"SHALCRAS, NEALY A ",10/13/2011,30455,151-21-5050,202205
86,Tonkinson,Ermin,T,,"TONKINSON, ERMIN T ",11/22/1997,30767,502-05-1219,202205
87,Whalley,Bartolemo,E,,"WHALLEY, BARTOLEMO E ",12/16/2007,78177,196-74-4133,202205
88,Lillo,Saleem,D,,"LILLO, SALEEM D ",06/06/2017,76771,306-48-7140,202205
89,Bunston,Dan,U,,"BUNSTON, DAN U ",08/10/2003,58676,488-99-0973,202205
90,Byrd,Conroy,J,,"BYRD, CONROY J ",08/07/2005,47690,314-20-3495,202205
91,Cammell,Gorden,D,,"CAMMELL, GORDEN D ",10/25/2006,81020,412-06-5344,202205
92,Bordman,Milo,H,,"BORDMAN, MILO H ",04/13/2007,23009,757-66-8374,202205
93,Kenright,Alvin,P,,"KENRIGHT, ALVIN P ",12/16/2013,89690,446-83-6591,202205
94,Cuningham,Alexio,X,,"CUNINGHAM, ALEXIO X ",06/20/2000,9303,248-16-9863,202205
95,Ingleton,Ike,H,,"INGLETON, IKE H ",07/09/2007,73402,152-82-1753,202205
96,Clelland,Mord,K,,"CLELLAND, MORD K ",05/07/2013,22268,239-27-3670,202205
98,Heake,Skipper,S,,"HEAKE, SKIPPER S ",09/01/2006,43853,117-92-7480,202205
99,Ruter,Lambert,S,,"RUTER, LAMBERT S ",11/06/2019,60376,664-40-1463,202205
100,Jirusek,Osmund,B,,"JIRUSEK, OSMUND B ",02/17/2009,75680,818-72-6089,202205
101,Theobald,Austen,Q,Jr,"THEOBALD, AUSTEN Q JR",11/25/2011,24144,206-14-1633,202205
102,Ethersey,Rock,Y,,"ETHERSEY, ROCK Y ",07/15/2010,71723,795-11-4096,202205
103,Gittis,Willard,R,,"GITTIS, WILLARD R ",06/16/1993,20332,859-80-1157,202205
104,Broek,Kean,Y,,"BROEK, KEAN Y ",05/06/2000,14206,770-80-6088,202205
105,Melley,Gaston,E,,"MELLEY, GASTON E ",01/21/2005,78150,366-86-9755,202205
106,Brickstock,Welbie,H,,"BRICKSTOCK, WELBIE H ",10/15/2007,98738,762-87-4160,202205
107,Alesio,Archie,O,,"ALESIO, ARCHIE O ",11/21/2008,3396,868-96-4163,202205
108,Bettaney,Jesus,D,,"BETTANEY, JESUS D ",02/17/2003,69245,106-13-1105,202205
109,Alenov,Bartie,B,,"ALENOV, BARTIE B ",09/23/2001,48917,238-34-0012,202205
110,Tilio,Curt,V,,"TILIO, CURT V ",10/09/1998,53888,160-27-2855,202205
111,Musson,Loren,V,III,"MUSSON, LOREN V III",06/30/1995,80357,144-07-6628,202205
112,Hanton,Yuma,D,IV,"HANTON, YUMA D IV",05/01/2012,70458,494-42-9981,202205
113,Kulic,Colman,M,,"KULIC, COLMAN M ",06/11/1993,97037,763-87-6656,202205
114,Litton,Moss,T,II,"LITTON, MOSS T II",01/31/2006,15017,529-51-7713,202205
115,Bratchell,Mort,K,Jr,"BRATCHELL, MORT K JR",04/18/1996,44905,195-93-2976,202205
116,MacKaig,Barnie,N,,"MACKAIG, BARNIE N ",12/31/2002,56004,827-17-4540,202205
117,Gartsyde,Mayne,E,,"GARTSYDE, MAYNE E ",06/25/2019,14669,642-53-7120,202205
118,Binnion,Filberte,T,,"BINNION, FILBERTE T ",12/27/2015,3309,504-44-5070,202205
119,Allanson,Jae,Q,,"ALLANSON, JAE Q ",11/21/2005,22766,117-72-3656,202205
120,Mileham,Gunter,V,II,"MILEHAM, GUNTER V II",11/24/2010,95545,618-99-6422,202205
121,Dengate,Gregorio,D,,"DENGATE, GREGORIO D ",05/30/1993,20127,274-81-3810,202205
123,McIver,Buddie,I,,"MCIVER, BUDDIE I ",06/23/2008,63335,184-18-6417,202205
124,Reece,Rabbi,R,,"REECE, RABBI R ",05/11/2012,69107,740-43-8849,202205
125,Bertot,Kimble,O,,"BERTOT, KIMBLE O ",06/04/2001,24761,275-15-3092,202205
126,Hesser,August,E,,"HESSER, AUGUST E ",07/07/2004,70864,608-53-0695,202205
127,Carnilian,Arney,I,,"CARNILIAN, ARNEY I ",07/05/2019,39806,462-99-4670,202205
128,Castagneto,Alan,Q,,"CASTAGNETO, ALAN Q ",11/11/2000,48974,564-53-7050,202205
130,St. Quentin,Shamus,K,,"ST. QUENTIN, SHAMUS K ",04/03/1996,73646,865-27-4103,202205
131,Easterling,Trumaine,U,,"EASTERLING, TRUMAINE U ",08/11/1994,20351,546-79-1899,202205
132,Harsum,Keenan,M,,"HARSUM, KEENAN M ",12/28/2016,61465,309-15-3765,202205
133,Rushby,Gayle,J,,"RUSHBY, GAYLE J ",03/02/2001,4027,754-90-9339,202205
134,Caveill,Rutter,F,,"CAVEILL, RUTTER F ",12/16/2009,98929,743-31-8052,202205
136,Yeats,Larry,W,IV,"YEATS, LARRY W IV",04/08/2001,57757,770-54-1993,202205
137,Mayward,Gallard,B,,"MAYWARD, GALLARD B ",12/23/1992,48353,728-59-6304,202205
138,Scourgie,Gib,A,,"SCOURGIE, GIB A ",08/20/1993,51262,477-63-3184,202205
139,Amberg,Gustavus,X,,"AMBERG, GUSTAVUS X ",10/24/2015,30804,851-57-0844,202205
140,Easeman,Winslow,A,,"EASEMAN, WINSLOW A ",09/22/2007,36256,177-10-4463,202205
141,Mockes,Rex,L,,"MOCKES, REX L ",04/26/2013,66242,843-35-0677,202205
142,Blissitt,Bill,S,,"BLISSITT, BILL S ",03/01/2010,75663,223-69-1823,202205
143,Harnor,Bruce,Y,,"HARNOR, BRUCE Y ",02/23/1993,20016,431-42-5469,202205
144,Meeny,Thacher,Q,,"MEENY, THACHER Q ",12/31/1994,87743,669-39-2488,202205
145,Baynam,Ambrosi,X,,"BAYNAM, AMBROSI X ",02/04/1997,31044,488-67-8043,202205
147,Pirazzi,Mozes,S,,"PIRAZZI, MOZES S ",10/09/1995,4404,869-60-0721,202205
148,Kinnin,Weidar,Y,,"KINNIN, WEIDAR Y ",03/12/1998,30231,415-89-0034,202205
149,Breed,Alphonso,Q,,"BREED, ALPHONSO Q ",05/28/2012,3564,515-45-9298,202205
150,Stood,Earle,X,,"STOOD, EARLE X ",08/09/2012,8413,568-70-4004,202205
151,Dillintone,Barret,Y,,"DILLINTONE, BARRET Y ",01/09/2005,65714,811-78-0114,202205
152,Cutill,Brodie,Q,,"CUTILL, BRODIE Q ",07/10/2001,42219,274-55-8037,202205
153,Durtnal,Zed,V,,"DURTNAL, ZED V ",04/30/2010,35754,755-13-0281,202205
156,Asmus,Reider,X,,"ASMUS, REIDER X ",06/03/1996,17434,625-84-4551,202205
157,Tyres,Cornie,W,,"TYRES, CORNIE W ",11/06/2011,56676,628-69-1709,202205
158,Servant,Baldwin,Q,,"SERVANT, BALDWIN Q ",05/23/2007,66104,208-07-2626,202205
159,Dugdale,Vincent,B,,"DUGDALE, VINCENT B ",06/29/2009,10390,516-20-1698,202205
160,Walthew,Worth,E,,"WALTHEW, WORTH E ",06/12/2000,34085,782-16-1863,202205
161,Strase,Nye,K,,"STRASE, NYE K ",08/22/1999,44046,267-96-3915,202205
163,Smallcomb,Iago,J,,"SMALLCOMB, IAGO J ",09/28/2004,63539,677-49-6873,202205
164,Rusbridge,Dolph,N,,"RUSBRIDGE, DOLPH N ",08/30/2018,60637,816-47-0962,202205
165,Mozzetti,Shea,E,,"MOZZETTI, SHEA E ",01/09/2005,86107,126-28-7075,202205
166,Ladyman,Adolph,C,,"LADYMAN, ADOLPH C ",06/01/1993,9446,118-20-1901,202205
167,Baudi,Herby,W,,"BAUDI, HERBY W ",04/11/2001,16834,343-17-4110,202205
168,Brimmell,Durante,A,Jr,"BRIMMELL, DURANTE A JR",02/07/2019,3731,414-81-2662,202205
169,Claydon,Thane,F,,"CLAYDON, THANE F ",09/13/1992,50446,370-22-6125,202205
171,Flamank,Early,L,,"FLAMANK, EARLY L ",10/18/2002,39999,111-76-4938,202205
172,Ritchman,Winfield,F,,"RITCHMAN, WINFIELD F ",12/23/1998,2365,477-44-9127,202205
173,Stack,Bud,E,,"STACK, BUD E ",05/27/2015,5924,600-11-8174,202205
175,Fosse,Theodor,H,,"FOSSE, THEODOR H ",03/31/2014,6707,141-47-3989,202205
176,Rodgers,Giorgi,X,,"RODGERS, GIORGI X ",02/25/1992,70028,486-74-5887,202205
177,Ciciari,Pate,J,,"CICIARI, PATE J ",08/25/1993,25480,319-18-8954,202205
179,Lyddyard,Kevon,X,,"LYDDYARD, KEVON X ",12/27/2009,27807,803-99-7189,202205
180,Froschauer,Sanders,X,,"FROSCHAUER, SANDERS X ",12/04/2015,42090,287-67-9793,202205
181,Balint,Carson,G,,"BALINT, CARSON G ",02/17/2009,65749,355-77-6955,202205
182,Kuna,Gualterio,D,,"KUNA, GUALTERIO D ",03/14/1998,94799,870-20-2275,202205
183,Porter,Hodge,M,,"PORTER, HODGE M ",05/17/1996,64746,648-95-2546,202205
184,Candey,Ethan,A,,"CANDEY, ETHAN A ",09/08/2009,5190,617-28-4748,202205
185,Gaymar,Maximilian,Y,,"GAYMAR, MAXIMILIAN Y ",08/30/1999,42239,421-05-6521,202205
186,Dymick,Yuma,G,,"DYMICK, YUMA G ",09/09/2015,95344,706-20-8724,202205
187,Carloni,Galvin,E,,"CARLONI, GALVIN E ",10/18/2017,77303,479-49-5225,202205
188,Thunnercliffe,Jaime,X,,"THUNNERCLIFFE, JAIME X ",09/07/2009,12814,246-05-7095,202205
189,Ugoletti,Tades,T,,"UGOLETTI, TADES T ",04/06/1998,89711,735-89-4613,202205
190,Dodsworth,Gideon,G,,"DODSWORTH, GIDEON G ",11/06/1998,4021,298-99-9290,202205
191,Dislee,Bentley,K,,"DISLEE, BENTLEY K ",09/30/1996,49287,126-29-0720,202205
192,Dexter,Laughton,Y,,"DEXTER, LAUGHTON Y ",10/11/2000,24878,125-74-6539,202205
193,Myles,Teodoor,K,,"MYLES, TEODOOR K ",09/14/1992,35383,844-16-8140,202205
194,Spendley,Verne,L,,"SPENDLEY, VERNE L ",07/05/1994,72213,483-18-3012,202205
195,Cleeton,Budd,Z,,"CLEETON, BUDD Z ",08/03/2003,26390,229-73-3739,202205
197,Carnegie,Base,C,,"CARNEGIE, BASE C ",09/06/2014,14317,377-55-7910,202205
198,Keatch,Branden,V,,"KEATCH, BRANDEN V ",09/04/2001,84263,248-12-1866,202205
199,Alberts,Francois,G,,"ALBERTS, FRANCOIS G ",08/01/1999,1048,506-26-1993,202205
200,Bennit,Jean,W,,"BENNIT, JEAN W ",04/26/2001,23671,214-92-5812,202205
202,Peasby,Haskell,M,,"PEASBY, HASKELL M ",08/19/2006,33656,568-44-1408,202205
203,Prium,Price,G,,"PRIUM, PRICE G ",05/19/1996,24627,123-54-4907,202205
204,Northbridge,Quint,E,,"NORTHBRIDGE, QUINT E ",03/06/2013,96926,110-15-4125,202205
205,Kloss,Noland,D,,"KLOSS, NOLAND D ",08/09/2005,51188,517-75-4503,202205
206,Gilmartin,Ring,K,,"GILMARTIN, RING K ",08/13/2000,46342,734-67-9522,202205
208,Tumbelty,Yancey,Z,,"TUMBELTY, YANCEY Z ",09/18/1994,86519,267-89-8270,202205
209,Draye,Scotti,A,,"DRAYE, SCOTTI A ",03/14/2006,50559,893-01-8005,202205
211,Rosenfarb,Alexio,M,,"ROSENFARB, ALEXIO M ",01/06/2019,77399,329-98-9017,202205
212,Whitland,Buck,E,,"WHITLAND, BUCK E ",12/09/1995,7775,801-32-3916,202205
214,Purple,Lorens,K,,"PURPLE, LORENS K ",03/19/1996,3357,116-84-6451,202205
215,Bullus,Mischa,R,II,"BULLUS, MISCHA R II",07/08/2015,98572,422-39-2446,202205
216,Snalum,Tremain,G,,"SNALUM, TREMAIN G ",03/23/1993,44673,476-84-9961,202205
217,Birkinshaw,Ted,A,,"BIRKINSHAW, TED A ",05/08/1993,79145,368-01-2163,202205
218,De La Coste,Adelbert,H,,"DE LA COSTE, ADELBERT H ",02/28/2010,91433,369-91-7207,202205
219,Mansel,Tonnie,V,,"MANSEL, TONNIE V ",05/20/2003,1018,476-08-3235,202205
221,Athy,Renaldo,B,,"ATHY, RENALDO B ",12/27/1997,61011,496-08-0995,202205
222,Berzons,Shelton,N,,"BERZONS, SHELTON N ",07/28/2003,50996,734-51-2505,202205
223,Andino,Cleavland,Q,,"ANDINO, CLEAVLAND Q ",01/12/2014,2911,482-97-5780,202205
224,Schust,Ronnie,Z,,"SCHUST, RONNIE Z ",06/07/2014,93180,629-87-9876,202205
225,Orrice,Lamar,W,,"ORRICE, LAMAR W ",05/31/2019,4810,407-68-1911,202205
226,Tennison,Germayne,S,,"TENNISON, GERMAYNE S ",11/10/2012,51055,580-21-6409,202205
227,Hukins,Andrus,U,,"HUKINS, ANDRUS U ",04/19/2005,58366,807-89-0893,202205
229,Fauguel,Franklyn,L,,"FAUGUEL, FRANKLYN L ",12/18/2009,59006,806-55-8645,202205
231,D'Errico,Kinnie,D,,"D'ERRICO, KINNIE D ",07/26/1995,45698,183-09-2211,202205
232,Chastaing,Teodorico,U,,"CHASTAING, TEODORICO U ",04/21/2004,94481,146-48-3892,202205
234,Caitlin,Joshia,A,,"CAITLIN, JOSHIA A ",02/20/2009,27870,167-16-7925,202205
235,Meers,Omero,O,,"MEERS, OMERO O ",05/01/2015,18039,243-10-4922,202205
236,Gegg,Zebadiah,S,,"GEGG, ZEBADIAH S ",11/27/2002,4318,237-23-8815,202205
237,Meenan,Gearard,G,,"MEENAN, GEARARD G ",01/29/1993,39084,783-70-9359,202205
238,Bassett,Ky,E,,"BASSETT, KY E ",07/14/2008,94088,350-13-0155,202205
239,Marczyk,Kermit,O,,"MARCZYK, KERMIT O ",10/23/1994,55151,403-68-1576,202205
240,O'Finan,Reamonn,W,,"O'FINAN, REAMONN W ",06/12/1994,12364,620-64-6952,202205
241,Edge,Osgood,G,,"EDGE, OSGOOD G ",09/20/2010,14629,757-30-4370,202205
242,Danis,Oliviero,Y,,"DANIS, OLIVIERO Y ",04/08/2014,22239,233-18-6192,202205
243,Ricks,Aubrey,B,,"RICKS, AUBREY B ",10/11/2014,41049,226-93-2805,202205
245,Ebertz,Tome,A,,"EBERTZ, TOME A ",12/16/2012,51793,523-70-3831,202205
246,Beedell,Wilbur,Y,,"BEEDELL, WILBUR Y ",08/24/1993,53902,343-56-8503,202205
247,Jaffa,Berny,Y,,"JAFFA, BERNY Y ",02/03/2017,50865,714-08-9529,202205
248,Agnolo,Hazlett,Z,,"AGNOLO, HAZLETT Z ",06/30/1994,44583,614-63-6219,202205
249,Maris,Tadeas,Y,,"MARIS, TADEAS Y ",03/29/1999,65064,212-45-8990,202205
250,Buckleigh,Cooper,F,,"BUCKLEIGH, COOPER F ",06/04/2014,80696,422-16-1204,202205
252,Janecek,Vincents,G,,"JANECEK, VINCENTS G ",07/17/2009,81370,655-24-2598,202205
253,Woodcroft,Pinchas,B,,"WOODCROFT, PINCHAS B ",04/15/2012,81988,425-80-1208,202205
254,Dovidian,Robbert,M,,"DOVIDIAN, ROBBERT M ",01/22/2000,43994,126-03-3568,202205
255,Zimmermeister,Hartwell,L,,"ZIMMERMEISTER, HARTWELL L ",12/20/2005,91278,320-23-9711,202205
256,Rozycki,Efren,X,,"ROZYCKI, EFREN X ",07/28/2012,22161,528-98-8576,202205
257,McWilliams,Lockwood,I,,"MCWILLIAMS, LOCKWOOD I ",11/15/2005,65406,588-22-2796,202205
258,Guiducci,Aharon,A,,"GUIDUCCI, AHARON A ",05/31/2012,70431,226-96-3388,202205
259,Suddell,Kennedy,P,III,"SUDDELL, KENNEDY P III",05/31/1994,44962,467-40-0732,202205
260,Rubery,Cyril,U,,"RUBERY, CYRIL U ",12/16/2015,44706,775-56-9068,202205
261,Carnalan,Dan,Q,,"CARNALAN, DAN Q ",01/30/1997,72103,656-84-2454,202205
262,Munehay,Auberon,P,,"MUNEHAY, AUBERON P ",02/28/2018,56784,153-01-8947,202205
263,Plitz,Zacherie,X,,"PLITZ, ZACHERIE X ",07/22/1997,25816,685-56-2084,202205
264,Maynard,Adolph,X,Sr,"MAYNARD, ADOLPH X SR",12/10/1993,60295,544-37-7580,202205
265,Cammocke,Hunter,K,,"CAMMOCKE, HUNTER K ",12/08/2002,75202,753-96-6994,202205
266,Devericks,Hunter,M,,"DEVERICKS, HUNTER M ",10/28/2017,26450,774-32-4536,202205
267,Muffen,Michale,J,,"MUFFEN, MICHALE J ",11/30/2019,17828,641-88-0337,202205
269,Hughlin,Mallory,E,,"HUGHLIN, MALLORY E ",02/07/2002,8933,888-44-1568,202205
270,Kimberly,Chuck,K,,"KIMBERLY, CHUCK K ",01/12/2011,63044,326-20-0526,202205
271,Mabson,Chaunce,U,,"MABSON, CHAUNCE U ",07/06/2010,31830,802-42-5158,202205
272,Shires,Richie,G,,"SHIRES, RICHIE G ",04/19/2008,41019,257-19-0003,202205
273,Snipe,Delmore,T,,"SNIPE, DELMORE T ",06/16/1993,44666,156-12-8035,202205
274,Fulstow,Scot,P,,"FULSTOW, SCOT P ",07/04/2003,90467,241-62-9063,202205
275,Filintsev,Town,X,,"FILINTSEV, TOWN X ",10/30/2016,16730,223-41-3510,202205
276,Janowski,Brocky,F,,"JANOWSKI, BROCKY F ",08/17/1997,23910,275-28-5893,202205
277,Borthwick,Lesley,M,,"BORTHWICK, LESLEY M ",05/27/2019,33179,263-40-5473,202205
278,Padillo,Xavier,E,,"PADILLO, XAVIER E ",10/27/1994,75379,313-88-4412,202205
279,Fright,Nealson,J,,"FRIGHT, NEALSON J ",09/10/2005,9729,731-97-2000,202205
280,Antognozzii,Lonnard,F,,"ANTOGNOZZII, LONNARD F ",07/07/2011,55390,880-12-8952,202205
281,Normadell,Amory,X,,"NORMADELL, AMORY X ",06/21/2018,34536,299-72-5131,202205
282,Balazin,Lemar,H,,"BALAZIN, LEMAR H ",01/26/2005,10113,689-91-3428,202205
283,Klaaassen,Hewet,I,,"KLAAASSEN, HEWET I ",09/10/2008,39366,139-95-3558,202205
284,Lutz,Muhammad,U,,"LUTZ, MUHAMMAD U ",09/10/1996,21363,577-07-0474,202205
285,Munson,Sinclair,F,,"MUNSON, SINCLAIR F ",02/11/2008,52686,365-43-0587,202205
286,Bandt,Lesley,C,,"BANDT, LESLEY C ",06/20/2016,19325,142-75-8224,202205
287,Scotter,Welbie,I,,"SCOTTER, WELBIE I ",12/28/2003,68480,297-76-4711,202205
289,Grute,Gunther,Z,II,"GRUTE, GUNTHER Z II",09/01/2002,5735,217-45-8229,202205
290,Fullwood,Kiley,V,,"FULLWOOD, KILEY V ",10/22/2009,28739,898-50-9508,202205
291,Shirland,Ingram,A,,"SHIRLAND, INGRAM A ",08/25/2011,6981,168-91-0931,202205
292,Haggath,Lorne,G,,"HAGGATH, LORNE G ",04/18/1999,63849,334-77-1921,202205
293,Tuley,Truman,Z,Jr,"TULEY, TRUMAN Z JR",11/29/1995,74099,464-83-8414,202205
294,Cleevely,Raddie,F,,"CLEEVELY, RADDIE F ",02/19/2015,84279,336-33-8724,202205
295,Quick,Kerk,B,,"QUICK, KERK B ",12/18/2004,15979,156-80-0193,202205
297,Jukubczak,Glyn,R,,"JUKUBCZAK, GLYN R ",03/27/2010,12526,198-07-4600,202205
298,Bernardot,Garret,Q,,"BERNARDOT, GARRET Q ",05/16/2000,79089,126-18-0196,202205
299,Phillpotts,Hewe,T,,"PHILLPOTTS, HEWE T ",09/23/2012,28194,225-50-0529,202205
300,Fockes,Dave,K,,"FOCKES, DAVE K ",08/08/2002,87271,746-90-2782,202205
301,Crawley,Kristofor,W,,"CRAWLEY, KRISTOFOR W ",11/13/2019,3594,403-23-5971,202205
302,Maker,Des,G,,"MAKER, DES G ",11/01/2015,25248,789-96-5807,202205
303,Pechell,Reinaldo,I,,"PECHELL, REINALDO I ",06/02/2002,74049,491-76-2745,202205
304,Tudbald,Duane,J,,"TUDBALD, DUANE J ",01/05/2002,69601,626-64-3737,202205
305,Tuckett,Herold,G,,"TUCKETT, HEROLD G ",09/20/2006,88168,704-92-2564,202205
306,Gartshore,Angus,R,,"GARTSHORE, ANGUS R ",10/13/2004,74903,648-34-3158,202205
308,Howsam,Marve,O,,"HOWSAM, MARVE O ",07/11/2010,19167,727-34-8413,202205
309,Brogi,Grady,F,,"BROGI, GRADY F ",04/23/2013,14725,181-86-1031,202205
310,Sandaver,Fletcher,K,,"SANDAVER, FLETCHER K ",08/04/1998,94634,347-27-9030,202205
311,Rickersey,Paul,O,,"RICKERSEY, PAUL O ",11/09/2002,13399,769-27-9608,202205
312,Brim,Bentley,V,,"BRIM, BENTLEY V ",03/11/2008,88566,467-29-5357,202205
313,Bollin,Paco,B,,"BOLLIN, PACO B ",05/27/2015,60563,606-64-1420,202205
314,Tomkowicz,Randolf,Z,,"TOMKOWICZ, RANDOLF Z ",12/09/2008,73338,449-09-6385,202205
315,St Ange,Fraser,K,,"ST ANGE, FRASER K ",10/19/2000,90540,727-18-1553,202205
316,McGuinness,Giusto,G,,"MCGUINNESS, GIUSTO G ",03/11/2018,27631,342-61-7580,202205
317,Whayman,Gayler,U,,"WHAYMAN, GAYLER U ",10/21/2017,36977,828-77-3860,202205
318,Schmidt,Andrey,J,,"SCHMIDT, ANDREY J ",06/22/2015,59495,115-02-4786,202205
319,Golston,Wally,V,,"GOLSTON, WALLY V ",01/27/1994,45452,607-51-6724,202205
320,Kerman,Dex,Y,,"KERMAN, DEX Y ",10/09/1998,75942,757-84-5782,202205
323,Camelia,Justis,P,,"CAMELIA, JUSTIS P ",06/09/1996,74778,656-36-7197,202205
324,Yosifov,Quinlan,P,,"YOSIFOV, QUINLAN P ",08/06/1995,92412,529-27-9990,202205
325,Dilgarno,Franzen,K,,"DILGARNO, FRANZEN K ",09/23/2015,50962,526-41-0252,202205
326,Graves,Cal,J,,"GRAVES, CAL J ",05/21/1992,68999,173-17-9592,202205
327,Chmiel,Nigel,T,II,"CHMIEL, NIGEL T II",06/14/2000,15050,150-85-7174,202205
328,Heinrici,Silvester,F,,"HEINRICI, SILVESTER F ",01/17/2009,22388,256-13-4522,202205
330,Dobel,Way,Q,,"DOBEL, WAY Q ",11/29/2001,62905,379-42-3547,202205
332,Rattray,Gian,Y,,"RATTRAY, GIAN Y ",11/07/2010,15546,316-63-4498,202205
333,Gergolet,Halsey,F,,"GERGOLET, HALSEY F ",04/27/1999,90783,108-08-4353,202205
334,Icom,Eamon,W,,"ICOM, EAMON W ",06/11/2000,5355,330-03-3874,202205
335,Brattan,Dmitri,O,,"BRATTAN, DMITRI O ",07/15/1996,7890,143-65-4892,202205
336,Thorrington,Bondie,W,,"THORRINGTON, BONDIE W ",09/12/2000,24695,213-14-1959,202205
337,Haslen,Westleigh,L,,"HASLEN, WESTLEIGH L ",03/29/1992,7239,528-40-2564,202205
338,O'Hingerty,Steward,D,,"O'HINGERTY, STEWARD D ",07/02/2000,75381,784-97-1521,202205
339,Poleye,Paige,G,,"POLEYE, PAIGE G ",07/14/2009,39299,479-09-4128,202205
340,Windsor,Jerome,M,,"WINDSOR, JEROME M ",11/09/1996,74851,535-22-7664,202205
341,Vasse,Fabiano,N,,"VASSE, FABIANO N ",04/11/1997,2196,814-76-5369,202205
343,Durrell,Abelard,V,,"DURRELL, ABELARD V ",10/07/2017,83095,550-45-3393,202205
344,Gellert,Crosby,O,,"GELLERT, CROSBY O ",04/05/1997,95602,426-13-1932,202205
345,Andersch,Page,V,,"ANDERSCH, PAGE V ",05/15/2012,71523,530-48-6856,202205
346,Keld,Garold,E,,"KELD, GAROLD E ",01/20/2018,35721,312-18-6233,202205
347,Joslyn,Barrett,A,,"JOSLYN, BARRETT A ",07/17/1995,67753,843-73-5438,202205
349,De Michetti,Aubert,F,,"DE MICHETTI, AUBERT F ",09/05/2003,99137,636-63-4279,202205
352,De L'Isle,Raynor,T,,"DE L'ISLE, RAYNOR T ",01/20/2009,311,879-72-9171,202205
353,Rignold,Shanan,D,,"RIGNOLD, SHANAN D ",04/09/2011,36757,133-17-7451,202205
354,Fibbens,Dick,R,,"FIBBENS, DICK R ",07/17/2017,81163,260-51-9352,202205
355,Cassell,Decca,F,,"CASSELL, DECCA F ",09/01/2004,70626,707-78-9105,202205
356,Trenbay,Ludwig,R,,"TRENBAY, LUDWIG R ",09/25/2010,44284,401-46-6225,202205
358,Cullinane,Emmit,Q,,"CULLINANE, EMMIT Q ",05/15/1995,92150,532-96-4180,202205
362,Robertazzi,Mandel,L,,"ROBERTAZZI, MANDEL L ",01/23/2002,15387,416-07-2815,202205
363,Hurtado,Harmon,X,,"HURTADO, HARMON X ",05/07/2011,38463,208-46-9239,202205
364,Stanislaw,Freddy,R,,"STANISLAW, FREDDY R ",07/14/2013,7607,516-16-7951,202205
365,Matteini,Ulysses,J,,"MATTEINI, ULYSSES J ",05/03/1999,67999,615-55-8381,202205
367,Badger,Cart,F,,"BADGER, CART F ",04/22/2000,13180,230-01-4177,202205
368,Semonin,Westbrooke,W,,"SEMONIN, WESTBROOKE W ",08/19/2003,15612,450-49-6679,202205
369,Shord,Fredric,K,,"SHORD, FREDRIC K ",10/06/2000,55780,325-98-8352,202205
371,Loughton,Toddy,G,,"LOUGHTON, TODDY G ",03/20/1999,44551,196-93-1466,202205
372,Kuhnt,Zebulen,M,,"KUHNT, ZEBULEN M ",02/04/2008,42582,587-91-9518,202205
373,Beany,Ambrosio,Q,,"BEANY, AMBROSIO Q ",04/21/1996,14140,183-87-4402,202205
374,Lemon,David,H,,"LEMON, DAVID H ",02/05/2011,55988,273-57-8883,202205
376,Dawtre,Immanuel,U,,"DAWTRE, IMMANUEL U ",03/21/2003,75461,505-77-7214,202205
377,Witchalls,Parrnell,R,,"WITCHALLS, PARRNELL R ",06/07/1996,96200,108-83-8461,202205
380,Rubinek,Virgie,X,,"RUBINEK, VIRGIE X ",11/06/2005,51109,376-80-0902,202205
381,Balazot,Barclay,F,,"BALAZOT, BARCLAY F ",01/14/1993,76402,404-23-5197,202205
382,MacGaughy,Augustine,A,,"MACGAUGHY, AUGUSTINE A ",10/30/2003,4524,244-52-5509,202205
385,Gruby,Fremont,Z,,"GRUBY, FREMONT Z ",07/24/2015,90925,649-48-6021,202205
386,Clack,Jedidiah,G,,"CLACK, JEDIDIAH G ",01/31/2010,29428,845-51-0745,202205
387,Beaten,Levin,R,,"BEATEN, LEVIN R ",10/22/2011,3735,319-64-4802,202205
388,Fludgate,Andrej,H,,"FLUDGATE, ANDREJ H ",09/26/2010,52968,771-27-0443,202205
389,Kharchinski,Gus,K,,"KHARCHINSKI, GUS K ",11/29/2013,86362,501-37-9647,202205
390,Dawdary,Matthias,N,,"DAWDARY, MATTHIAS N ",08/30/2004,12778,429-27-6142,202205
391,Ollivierre,Gaelan,U,,"OLLIVIERRE, GAELAN U ",11/20/2004,48156,789-09-0739,202205
392,Corroyer,Archibald,Q,,"CORROYER, ARCHIBALD Q ",03/07/2000,84244,804-11-7099,202205
394,Itzig,Bryn,C,,"ITZIG, BRYN C ",12/07/2014,58919,143-47-5391,202205
395,Durtnal,Simmonds,Y,,"DURTNAL, SIMMONDS Y ",03/03/2001,87682,420-13-2523,202205
396,Danbye,Haskel,N,,"DANBYE, HASKEL N ",06/20/2004,41337,127-21-9633,202205
397,Molineux,See,K,,"MOLINEUX, SEE K ",10/14/2001,38746,616-46-5210,202205
398,Arnoldi,Tabby,W,,"ARNOLDI, TABBY W ",07/16/2017,36520,302-41-3447,202205
400,Rollinson,Hermann,A,,"ROLLINSON, HERMANN A ",10/25/2014,5316,552-53-5663,202205
401,Lewcock,Pierce,E,,"LEWCOCK, PIERCE E ",08/11/2004,58447,680-96-3765,202205
402,Dennistoun,Keane,E,,"DENNISTOUN, KEANE E ",12/01/2017,31785,128-15-1016,202205
403,Seeger,Owen,A,,"SEEGER, OWEN A ",09/04/2019,11504,424-23-5834,202205
408,Cardinale,Wake,H,,"CARDINALE, WAKE H ",07/30/1999,44021,893-72-7181,202205
409,Gaffney,Shaine,D,,"GAFFNEY, SHAINE D ",04/25/2001,84856,650-89-6320,202205
410,Marqyes,Sarge,N,,"MARQYES, SARGE N ",09/08/2012,799,256-61-3669,202205
411,Tuxell,Vincent,U,,"TUXELL, VINCENT U ",11/22/2018,77846,764-12-9557,202205
413,Darville,Hogan,V,,"DARVILLE, HOGAN V ",01/05/2011,95388,702-28-3531,202205
414,Glendenning,Sandy,I,,"GLENDENNING, SANDY I ",06/16/2016,20113,247-59-0532,202205
415,Caswill,Antonio,R,,"CASWILL, ANTONIO R ",01/04/2006,641,872-03-3770,202205
416,Tapscott,Saunder,K,,"TAPSCOTT, SAUNDER K ",07/06/1999,17882,106-24-4677,202205
417,Owbrick,Ryley,R,,"OWBRICK, RYLEY R ",02/02/1996,71659,543-59-6244,202205
418,Robbey,West,P,,"ROBBEY, WEST P ",07/31/1993,42338,574-18-4214,202205
420,Rule,Binky,Q,,"RULE, BINKY Q ",07/17/1999,75904,899-73-2544,202205
421,Hathorn,Gerome,C,,"HATHORN, GEROME C ",04/15/2011,69039,492-30-5317,202205
422,Danett,Dov,U,,"DANETT, DOV U ",10/28/1993,39847,812-31-0486,202205
424,Grevile,Kenn,P,,"GREVILE, KENN P ",03/20/2016,67008,717-83-6473,202205
425,Danilov,Merrel,I,,"DANILOV, MERREL I ",06/18/1999,75163,879-50-6491,202205
426,Joao,Noach,V,,"JOAO, NOACH V ",07/01/1994,49401,609-17-7111,202205
427,Cowherd,Lay,R,,"COWHERD, LAY R ",08/15/2000,29303,698-23-2740,202205
428,Filasov,Ephraim,B,,"FILASOV, EPHRAIM B ",09/01/1995,1105,782-81-8537,202205
429,Tortoishell,Darryl,S,Sr,"TORTOISHELL, DARRYL S SR",04/26/2000,97217,142-05-3607,202205
430,Sinyard,Giustino,Y,,"SINYARD, GIUSTINO Y ",11/04/2011,73696,536-53-5609,202205
431,Emmott,Clayborne,Y,,"EMMOTT, CLAYBORNE Y ",03/07/2006,53910,340-60-3106,202205
432,Klos,Grover,U,,"KLOS, GROVER U ",11/07/2017,51167,177-48-4255,202205
435,Wagge,Dalt,E,,"WAGGE, DALT E ",10/18/2011,76239,574-28-3263,202205
436,Lockley,Timofei,H,,"LOCKLEY, TIMOFEI H ",03/09/1993,33220,891-11-4809,202205
437,Dunridge,Ernie,W,IV,"DUNRIDGE, ERNIE W IV",01/24/2000,76717,237-51-4065,202205
439,Oger,Waldo,Y,,"OGER, WALDO Y ",06/02/2003,2482,609-25-8451,202205
440,Hazlewood,Tully,X,,"HAZLEWOOD, TULLY X ",03/21/1994,1686,368-72-0027,202205
441,Deluze,Syd,T,,"DELUZE, SYD T ",09/08/1996,29003,859-62-6913,202205
442,Matthiae,Den,Z,,"MATTHIAE, DEN Z ",01/09/2014,45241,557-06-8765,202205
443,Ullyott,Judd,W,,"ULLYOTT, JUDD W ",07/31/1992,13559,470-82-3630,202205
444,Caras,Abdel,U,,"CARAS, ABDEL U ",11/26/2010,38975,742-80-3187,202205
445,Wethers,Bil,T,,"WETHERS, BIL T ",08/13/2012,92101,294-29-9836,202205
446,Cleland,Gran,T,,"CLELAND, GRAN T ",01/05/2002,77867,435-41-2364,202205
447,Kairns,Ringo,O,,"KAIRNS, RINGO O ",06/30/2015,98546,430-75-9634,202205
449,Bodker,Dennis,W,,"BODKER, DENNIS W ",04/02/2019,42935,267-41-1858,202205
450,Circuit,Kincaid,Q,,"CIRCUIT, KINCAID Q ",10/23/2013,15179,653-21-0437,202205
451,Lautie,Bartram,R,,"LAUTIE, BARTRAM R ",09/06/1993,32704,700-53-8785,202205
453,Giraldon,Fletch,U,,"GIRALDON, FLETCH U ",03/10/2005,42539,627-82-1273,202205
454,MacSporran,Earvin,G,,"MACSPORRAN, EARVIN G ",03/11/1994,27123,683-54-2629,202205
455,Sinkings,Brad,U,,"SINKINGS, BRAD U ",01/28/2013,38533,745-62-3255,202205
456,Boase,Emmott,H,,"BOASE, EMMOTT H ",06/14/1997,12382,570-42-5990,202205
457,Knolles-Green,Irwin,X,,"KNOLLES-GREEN, IRWIN X ",09/23/2005,26924,883-83-0248,202205
459,Worsell,Giavani,I,Sr,"WORSELL, GIAVANI I SR",06/08/2007,23301,410-18-7394,202205
460,Fader,Gabriel,S,,"FADER, GABRIEL S ",06/25/1993,4321,568-12-5761,202205
461,Witham,Merwyn,Y,,"WITHAM, MERWYN Y ",01/05/2005,10993,648-99-2154,202205
462,Attwell,Barnaby,L,,"ATTWELL, BARNABY L ",02/27/1993,83614,113-90-6427,202205
463,Barracks,Dietrich,J,,"BARRACKS, DIETRICH J ",05/22/1992,45688,889-41-2778,202205
464,Hew,Quincy,A,,"HEW, QUINCY A ",02/22/1995,90052,630-17-0994,202205
465,O'Hartnedy,Tremain,D,,"O'HARTNEDY, TREMAIN D ",09/06/2014,87735,557-93-3351,202205
466,Nibley,Blayne,T,,"NIBLEY, BLAYNE T ",08/22/2014,7298,179-10-5835,202205
467,Haspineall,Randal,E,III,"HASPINEALL, RANDAL E III",11/04/2017,11242,695-30-0087,202205
468,Swainger,Mikey,X,,"SWAINGER, MIKEY X ",04/08/1993,17782,845-29-7418,202205
469,Freschini,Lovell,U,II,"FRESCHINI, LOVELL U II",06/15/2006,11907,525-24-7936,202205
470,Simonsen,Gery,E,,"SIMONSEN, GERY E ",04/26/2006,61492,502-93-1454,202205
471,Tarplee,Clarance,M,,"TARPLEE, CLARANCE M ",12/13/2001,78523,194-94-4235,202205
472,Bremen,Bjorn,M,,"BREMEN, BJORN M ",01/13/2017,77291,231-59-8727,202205
473,Heady,Aldo,L,,"HEADY, ALDO L ",02/09/2010,54769,744-32-3761,202205
474,Brownrigg,Hammad,C,,"BROWNRIGG, HAMMAD C ",01/20/2017,24882,519-83-1683,202205
475,Stych,Yance,A,,"STYCH, YANCE A ",03/02/2008,48230,466-21-2153,202205
476,Huske,Ody,A,,"HUSKE, ODY A ",03/12/1995,24067,227-49-3098,202205
477,Lanaway,Kristoffer,M,,"LANAWAY, KRISTOFFER M ",06/30/2013,5537,866-69-2568,202205
478,Stodart,Keary,O,,"STODART, KEARY O ",09/04/2010,88270,754-04-7432,202205
479,Dingivan,Lonny,J,,"DINGIVAN, LONNY J ",11/26/2018,63578,664-30-1878,202205
480,Gilks,Quinn,H,,"GILKS, QUINN H ",11/25/1998,12096,817-49-3583,202205
481,Dibbs,Krispin,L,,"DIBBS, KRISPIN L ",11/01/2018,60809,507-52-4229,202205
482,Burg,Camey,I,,"BURG, CAMEY I ",07/04/2004,53944,218-66-0553,202205
483,Ilson,Griffy,W,,"ILSON, GRIFFY W ",06/07/1993,64377,892-46-8596,202205
484,Eidelman,Geri,P,,"EIDELMAN, GERI P ",06/29/2014,76378,634-39-0970,202205
485,Alsopp,Colin,U,,"ALSOPP, COLIN U ",07/18/1995,63779,337-27-3674,202205
486,Gealy,Yardley,R,,"GEALY, YARDLEY R ",02/09/1993,12114,758-13-5310,202205
487,Harkins,Rickard,U,,"HARKINS, RICKARD U ",02/11/2017,23025,160-12-5834,202205
488,Dinsale,Torrence,G,,"DINSALE, TORRENCE G ",10/11/1993,36863,195-13-5481,202205
489,Lyster,Bastian,B,,"LYSTER, BASTIAN B ",07/20/2019,44449,412-18-0423,202205
490,Immins,Nicko,A,,"IMMINS, NICKO A ",05/26/2007,81770,760-09-3607,202205
491,Bartaloni,Jeromy,N,,"BARTALONI, JEROMY N ",04/01/2013,3775,102-52-2017,202205
492,Pinkie,Fin,V,,"PINKIE, FIN V ",03/01/2008,40685,495-80-0049,202205
493,Gallandre,Garth,T,,"GALLANDRE, GARTH T ",07/16/2001,69199,387-59-4441,202205
494,Routley,Parke,A,,"ROUTLEY, PARKE A ",12/18/2009,93776,455-59-8657,202205
497,Kiltie,Alexio,P,,"KILTIE, ALEXIO P ",07/31/1996,72133,891-10-4241,202205
499,Luten,Sanders,G,Sr,"LUTEN, SANDERS G SR",09/29/1995,35228,400-79-7185,202205
500,Deniset,Orlan,M,,"DENISET, ORLAN M ",08/14/1995,72349,846-45-0213,202205
501,Vinten,Jase,F,,"VINTEN, JASE F ",02/15/2003,48014,144-73-9128,202205
502,Gwinnell,Der,C,,"GWINNELL, DER C ",09/12/1998,1033,116-55-7690,202205
504,Claasen,Giuseppe,J,,"CLAASEN, GIUSEPPE J ",07/11/2010,57485,300-67-4514,202205
505,Angeli,Jackson,E,,"ANGELI, JACKSON E ",11/02/2019,85267,154-85-0842,202205
506,Krolak,Nobe,H,,"KROLAK, NOBE H ",08/22/2015,1453,533-58-3664,202205
507,Jacklings,Niki,K,,"JACKLINGS, NIKI K ",07/04/1994,61940,873-40-3942,202205
508,Giocannoni,Berky,O,,"GIOCANNONI, BERKY O ",05/17/2015,68570,280-58-8752,202205
509,Braxay,Irwin,G,,"BRAXAY, IRWIN G ",09/16/2004,39145,341-76-1422,202205
510,Greally,Nappie,R,,"GREALLY, NAPPIE R ",03/07/1992,27716,584-42-1808,202205
511,McBeith,Durant,R,,"MCBEITH, DURANT R ",04/20/2007,93156,318-71-1523,202205
512,Cranstoun,Bryanty,B,,"CRANSTOUN, BRYANTY B ",04/26/2015,73230,872-77-9442,202205
513,Buckhurst,Zach,J,,"BUCKHURST, ZACH J ",02/12/2011,50048,362-12-5876,202205
514,Livesay,Merill,V,,"LIVESAY, MERILL V ",02/04/2014,85167,694-13-7730,202205
516,Hewins,Robert,M,,"HEWINS, ROBERT M ",07/28/2010,87307,364-72-3033,202205
517,Olufsen,Bealle,R,,"OLUFSEN, BEALLE R ",11/02/1999,29983,358-60-6204,202205
518,Rowell,Hunter,H,,"ROWELL, HUNTER H ",10/06/1996,50655,309-42-1610,202205
520,Klaffs,Christophorus,E,,"KLAFFS, CHRISTOPHORUS E ",12/19/2005,8887,609-69-5020,202205
522,Gothliff,Maury,V,,"GOTHLIFF, MAURY V ",06/02/2013,53597,537-35-6580,202205
523,Flipek,Franklyn,M,,"FLIPEK, FRANKLYN M ",03/06/2007,5633,599-40-2370,202205
524,Duffield,Dominic,S,,"DUFFIELD, DOMINIC S ",09/11/2005,5270,862-74-4904,202205
525,Mongenot,Saw,Y,,"MONGENOT, SAW Y ",02/10/1996,50695,684-07-9491,202205
526,Cappleman,Miner,S,,"CAPPLEMAN, MINER S ",05/14/2006,17022,545-01-8042,202205
527,Battyll,Geoff,F,,"BATTYLL, GEOFF F ",09/30/2015,77433,854-19-0859,202205
528,Eagger,Willi,B,,"EAGGER, WILLI B ",01/19/2007,57211,134-59-8552,202205
531,Scuse,Byrann,R,,"SCUSE, BYRANN R ",12/09/2005,39915,268-02-0462,202205
532,Simeoni,Maximilian,H,,"SIMEONI, MAXIMILIAN H ",06/06/1998,39212,426-23-5633,202205
533,Gabbot,Randell,K,,"GABBOT, RANDELL K ",10/06/1998,44133,710-06-4470,202205
535,Dotterill,Gerald,X,,"DOTTERILL, GERALD X ",09/24/2016,47702,679-74-0047,202205
537,Low,Teador,A,,"LOW, TEADOR A ",12/09/2001,5772,773-04-5673,202205
538,Abella,Lon,X,,"ABELLA, LON X ",05/17/2002,55274,204-37-9387,202205
539,McEntegart,Brocky,D,,"MCENTEGART, BROCKY D ",05/01/2018,98983,632-06-8686,202205
540,Melburg,Ky,S,,"MELBURG, KY S ",06/13/2000,81390,264-62-4609,202205
541,Ridulfo,Loren,V,III,"RIDULFO, LOREN V III",02/26/1997,95859,171-48-5871,202205
542,De Simone,Aguste,R,III,"DE SIMONE, AGUSTE R III",12/09/2011,87874,107-51-5297,202205
543,Marham,Jervis,B,,"MARHAM, JERVIS B ",12/20/1993,15607,794-30-7233,202205
544,Stiebler,Giulio,U,,"STIEBLER, GIULIO U ",04/28/2010,57875,252-14-4103,202205
545,Fateley,Artemis,H,,"FATELEY, ARTEMIS H ",06/28/1993,5089,225-57-0899,202205
546,Goricke,Paco,U,,"GORICKE, PACO U ",02/07/2018,28431,613-62-5633,202205
547,Haugeh,Fredrick,O,,"HAUGEH, FREDRICK O ",12/30/1997,76468,152-92-8947,202205
548,Maharry,Norrie,X,,"MAHARRY, NORRIE X ",01/16/2003,24816,348-04-0626,202205
549,McGaw,Hayyim,W,,"MCGAW, HAYYIM W ",09/01/2013,7132,134-94-2575,202205
550,Jinkin,Yancey,Q,,"JINKIN, YANCEY Q ",10/20/2012,14703,128-04-4235,202205
551,Janicijevic,Scarface,F,,"JANICIJEVIC, SCARFACE F ",02/01/2011,92827,753-37-6308,202205
552,Sowrah,Fields,F,,"SOWRAH, FIELDS F ",04/03/2008,83821,651-43-6914,202205
553,Pottes,Antonino,Y,,"POTTES, ANTONINO Y ",08/27/2011,58862,530-40-8920,202205
555,Fonzo,Corbie,A,,"FONZO, CORBIE A ",07/25/2017,36940,853-34-6640,202205
556,Brookwood,Heinrik,L,,"BROOKWOOD, HEINRIK L ",11/15/1994,18230,511-10-2484,202205
557,Annott,Murray,J,,"ANNOTT, MURRAY J ",10/26/2003,29146,848-21-3782,202205
558,Le Marquis,Alaric,S,,"LE MARQUIS, ALARIC S ",08/08/2013,61248,272-59-1564,202205
559,Elnaugh,Loy,X,,"ELNAUGH, LOY X ",05/08/1996,74242,550-04-8146,202205
560,Pighills,Ronnie,O,IV,"PIGHILLS, RONNIE O IV",06/04/2011,21072,634-05-4199,202205
561,Hewins,Mick,H,,"HEWINS, MICK H ",09/08/1995,42848,199-58-9010,202205
562,Toupe,Agosto,T,,"TOUPE, AGOSTO T ",01/27/2014,22941,404-52-0643,202205
563,Frammingham,Kirby,H,,"FRAMMINGHAM, KIRBY H ",05/20/1999,49066,894-52-4489,202205
564,Dabrowski,Gib,H,,"DABROWSKI, GIB H ",08/14/1995,16801,371-99-0067,202205
566,Radloff,Bev,E,,"RADLOFF, BEV E ",03/09/2010,70858,112-62-2332,202205
567,McCalister,Far,G,,"MCCALISTER, FAR G ",11/14/2007,48475,322-09-3473,202205
568,McQuaid,Hunt,S,,"MCQUAID, HUNT S ",01/07/2017,6516,698-80-2455,202205
569,Bateson,Wilfred,P,,"BATESON, WILFRED P ",04/30/1998,16198,602-20-0076,202205
570,Caplin,Emory,C,,"CAPLIN, EMORY C ",06/12/1994,16838,500-13-5881,202205
571,Burns,Borg,H,,"BURNS, BORG H ",11/16/2007,82621,736-25-2362,202205
572,Laughlin,Free,U,,"LAUGHLIN, FREE U ",08/10/1997,20215,604-85-8500,202205
573,Timmes,Alexis,H,,"TIMMES, ALEXIS H ",12/09/2008,53488,766-73-9476,202205
574,Burry,Art,A,,"BURRY, ART A ",01/04/2002,96814,209-98-3587,202205
575,Preshaw,Knox,X,,"PRESHAW, KNOX X ",09/25/2018,2753,427-50-4447,202205
576,Sprowson,Caz,P,,"SPROWSON, CAZ P ",08/25/2017,69630,266-12-3738,202205
577,Vant,Terrence,H,,"VANT, TERRENCE H ",11/21/2018,30098,177-67-0099,202205
578,Jellicorse,Sammy,H,,"JELLICORSE, SAMMY H ",07/05/2012,46991,567-11-7379,202205
580,Avo,Jessey,Y,,"AVO, JESSEY Y ",01/19/2016,94904,872-22-0901,202205
581,Silber,Rainer,W,,"SILBER, RAINER W ",01/31/2017,65816,161-23-5047,202205
582,Angerstein,Monroe,O,,"ANGERSTEIN, MONROE O ",07/24/2001,23290,737-89-4166,202205
583,Pooly,Daron,M,,"POOLY, DARON M ",10/07/2015,60043,759-86-1067,202205
586,Cansdall,Auberon,Y,,"CANSDALL, AUBERON Y ",11/01/2013,31945,184-05-2088,202205
587,Penning,Manfred,S,,"PENNING, MANFRED S ",12/24/2014,13614,727-66-0954,202205
588,Le Houx,Serge,U,,"LE HOUX, SERGE U ",12/27/2002,62591,669-84-9832,202205
589,Burle,Rickert,F,,"BURLE, RICKERT F ",04/21/1998,64614,573-77-2557,202205
590,McPherson,Nobe,Q,,"MCPHERSON, NOBE Q ",07/22/1997,58408,624-20-1224,202205
591,O'Beirne,Dicky,R,,"O'BEIRNE, DICKY R ",10/25/2004,28520,521-15-4049,202205
592,Fishbie,Hurleigh,P,,"FISHBIE, HURLEIGH P ",04/19/2010,9532,390-43-9414,202205
594,Chesshire,Ky,Z,,"CHESSHIRE, KY Z ",12/24/1999,18562,420-23-0019,202205
595,Lorrie,Josiah,J,,"LORRIE, JOSIAH J ",05/26/2015,91715,801-34-9187,202205
596,Sawter,Ario,C,,"SAWTER, ARIO C ",05/28/2016,2751,720-45-6621,202205
597,Parchment,Ludwig,P,,"PARCHMENT, LUDWIG P ",01/15/1998,59707,653-26-7555,202205
599,Warland,Tate,A,,"WARLAND, TATE A ",04/02/1996,74218,202-47-6735,202205
600,Harlin,Kaspar,R,IV,"HARLIN, KASPAR R IV",06/30/2018,89731,436-22-9466,202205
602,Giraudou,Amerigo,E,,"GIRAUDOU, AMERIGO E ",08/07/2005,58239,811-31-6093,202205
603,Semeradova,Leroi,T,,"SEMERADOVA, LEROI T ",07/25/1995,11799,439-71-1393,202205
604,Mordan,Berne,O,II,"MORDAN, BERNE O II",07/14/2018,96289,708-14-1265,202205
605,Druhan,Salmon,E,,"DRUHAN, SALMON E ",05/06/1999,99417,341-14-8962,202205
606,Huxtable,Brander,R,,"HUXTABLE, BRANDER R ",02/22/2009,79943,700-63-3564,202205
607,Manntschke,Bank,P,,"MANNTSCHKE, BANK P ",08/20/2000,73308,640-40-4003,202205
608,Pipet,Christopher,O,,"PIPET, CHRISTOPHER O ",03/18/2015,51587,489-24-0138,202205
609,Grigs,Puff,U,,"GRIGS, PUFF U ",12/16/1992,83977,769-62-7789,202205
610,Sweeney,Dougy,Q,,"SWEENEY, DOUGY Q ",03/25/2008,96862,655-23-1124,202205
611,Clelland,Keven,A,,"CLELLAND, KEVEN A ",06/06/1995,38538,496-04-7712,202205
612,Hambleton,Graham,U,,"HAMBLETON, GRAHAM U ",03/15/1995,22489,581-18-6729,202205
614,Keggin,Marcellus,I,,"KEGGIN, MARCELLUS I ",03/24/1992,28089,400-84-1328,202205
615,Gosnoll,Levi,B,,"GOSNOLL, LEVI B ",11/29/2007,57585,521-90-6889,202205
616,Naismith,Kain,P,,"NAISMITH, KAIN P ",03/01/2011,73971,565-82-9951,202205
617,Velez,Nolly,B,,"VELEZ, NOLLY B ",12/26/1993,57285,718-41-5245,202205
618,Eake,Jacob,A,,"EAKE, JACOB A ",10/05/2017,45746,445-30-3184,202205
619,Sawkin,Brockie,L,,"SAWKIN, BROCKIE L ",06/22/2005,26925,280-25-6321,202205
620,Plaister,Wilt,L,,"PLAISTER, WILT L ",05/23/2002,76984,745-61-5558,202205
623,Saban,Rowney,A,,"SABAN, ROWNEY A ",05/29/2012,93419,647-64-3017,202205
625,Codron,Mendy,U,,"CODRON, MENDY U ",08/20/2002,56385,612-63-8610,202205
627,Paggitt,Sergeant,S,,"PAGGITT, SERGEANT S ",11/10/1995,9836,341-22-2898,202205
628,Cumberpatch,Lorant,W,,"CUMBERPATCH, LORANT W ",02/26/1993,23362,629-92-5098,202205
629,Sallan,Frazer,M,,"SALLAN, FRAZER M ",10/13/1995,7051,808-42-3456,202205
630,Gorrick,Edik,N,,"GORRICK, EDIK N ",05/02/1996,79692,143-22-7620,202205
631,Meadmore,Richart,T,,"MEADMORE, RICHART T ",07/06/1994,73514,203-73-6136,202205
632,Hurkett,Adan,T,,"HURKETT, ADAN T ",04/21/1992,15271,820-96-6421,202205
633,Maestrini,Pebrook,F,,"MAESTRINI, PEBROOK F ",01/31/2008,39087,470-32-5362,202205
635,Durn,Court,K,,"DURN, COURT K ",01/14/1998,93351,822-58-1777,202205
636,Mackstead,Dukie,D,,"MACKSTEAD, DUKIE D ",05/10/2014,35908,130-28-3558,202205
637,Grinnell,Alvis,P,,"GRINNELL, ALVIS P ",08/27/2015,38903,123-33-3291,202205
638,Batrick,Gualterio,Y,Jr,"BATRICK, GUALTERIO Y JR",07/24/2016,48900,435-15-5777,202205
639,Kleuer,Seumas,X,,"KLEUER, SEUMAS X ",02/24/2003,48199,452-66-1978,202205
640,Philpots,Hewitt,H,,"PHILPOTS, HEWITT H ",07/30/2015,24108,213-42-4335,202205
641,Noye,Jocko,D,,"NOYE, JOCKO D ",07/17/2005,36139,354-86-7588,202205
642,Yanson,Wright,G,,"YANSON, WRIGHT G ",11/08/2008,57269,146-29-5290,202205
643,Vigers,Emilio,C,,"VIGERS, EMILIO C ",08/10/2012,62604,119-84-1916,202205
644,Gerardot,Meredith,N,,"GERARDOT, MEREDITH N ",02/05/1997,95607,157-67-4765,202205
645,Francois,Russ,E,II,"FRANCOIS, RUSS E II",08/11/1998,98327,625-62-0152,202205
646,Trowell,Rollins,N,,"TROWELL, ROLLINS N ",09/05/2001,33387,723-33-2710,202205
647,Chatenet,Gray,X,,"CHATENET, GRAY X ",12/20/2018,85859,642-71-7443,202205
648,Tackley,Gibb,Z,,"TACKLEY, GIBB Z ",06/30/2010,2268,460-30-0556,202205
649,Lismore,Paige,T,,"LISMORE, PAIGE T ",03/18/2013,90998,811-76-0563,202205
650,Stonner,Gan,G,,"STONNER, GAN G ",08/23/2009,66637,166-52-7025,202205
651,Issett,Paten,X,,"ISSETT, PATEN X ",09/20/2000,11204,218-64-1808,202205
652,Eskrick,Edgardo,E,,"ESKRICK, EDGARDO E ",11/07/2002,72032,596-44-9012,202205
653,Fotitt,Anton,F,,"FOTITT, ANTON F ",10/13/2015,97584,824-53-4261,202205
656,Fronsek,Fredric,L,,"FRONSEK, FREDRIC L ",10/15/1996,34623,277-34-4434,202205
657,Klaassens,Westleigh,H,,"KLAASSENS, WESTLEIGH H ",01/25/1998,98413,147-91-8809,202205
658,Jakel,Raimund,E,II,"JAKEL, RAIMUND E II",11/07/2019,93062,504-29-3666,202205
659,Radbone,Ingram,I,,"RADBONE, INGRAM I ",06/12/2014,48937,438-90-6505,202205
660,Trevor,Alvan,X,,"TREVOR, ALVAN X ",12/27/2004,46045,893-87-4694,202205
661,Richard,Judas,R,,"RICHARD, JUDAS R ",07/19/2013,93814,119-21-4329,202205
664,Eagles,Forrest,H,,"EAGLES, FORREST H ",06/22/2011,14785,607-41-4450,202205
665,Galtone,Pip,L,,"GALTONE, PIP L ",04/24/2005,7841,298-89-9922,202205
668,Ligertwood,Gaby,X,,"LIGERTWOOD, GABY X ",12/02/1996,26089,217-69-7351,202205
669,Antat,Ravi,H,,"ANTAT, RAVI H ",11/01/1998,71944,566-59-6460,202205
670,Colley,Weylin,K,,"COLLEY, WEYLIN K ",03/29/2013,15016,875-89-9697,202205
671,Sharer,Bud,B,,"SHARER, BUD B ",08/27/2016,26017,358-80-5979,202205
672,Jinkins,Gerick,Z,,"JINKINS, GERICK Z ",09/07/2002,54807,697-65-3379,202205
673,Perello,Elden,O,,"PERELLO, ELDEN O ",01/07/2018,26941,612-29-7006,202205
674,Elsay,Calv,C,,"ELSAY, CALV C ",08/02/2019,76792,862-97-0513,202205
675,De Pero,Temp,J,,"DE PERO, TEMP J ",10/21/2016,51221,488-98-0827,202205
676,Marchenko,Alfred,U,,"MARCHENKO, ALFRED U ",09/30/2018,50658,865-22-4509,202205
677,Dongate,Brett,A,,"DONGATE, BRETT A ",06/11/2000,59203,784-03-2689,202205
678,Coote,Walden,M,,"COOTE, WALDEN M ",09/07/2000,56408,706-03-7930,202205
679,Arrault,Westleigh,S,,"ARRAULT, WESTLEIGH S ",10/01/1998,38024,299-07-3686,202205
680,Schulze,Darrick,I,,"SCHULZE, DARRICK I ",03/30/2000,86844,549-31-9769,202205
681,Ingham,Hyatt,C,,"INGHAM, HYATT C ",11/04/2003,92209,322-83-4774,202205
682,Napton,Archibald,W,,"NAPTON, ARCHIBALD W ",02/12/1994,36597,385-49-0347,202205
683,Arnhold,Jonah,M,,"ARNHOLD, JONAH M ",11/29/1994,50133,352-78-1400,202205
684,Denniston,Mic,S,,"DENNISTON, MIC S ",10/18/2015,99351,722-49-6677,202205
685,Anker,Eldon,W,,"ANKER, ELDON W ",12/23/2015,98571,817-29-6149,202205
686,Tomasicchio,Binky,F,,"TOMASICCHIO, BINKY F ",05/15/2006,7218,716-07-0986,202205
687,Toyer,Jacques,I,,"TOYER, JACQUES I ",02/21/2009,21531,435-23-7476,202205
688,Pauley,Rudolf,J,,"PAULEY, RUDOLF J ",02/27/2013,65344,533-68-6960,202205
689,Stoffler,Northrup,D,,"STOFFLER, NORTHRUP D ",09/28/2006,62478,875-46-2140,202205
690,Charter,Arin,P,,"CHARTER, ARIN P ",06/10/2005,81566,408-29-0574,202205
693,Custed,Ilario,V,,"CUSTED, ILARIO V ",10/08/2004,54918,843-33-8616,202205
694,Tieraney,Alvin,C,,"TIERANEY, ALVIN C ",10/24/2006,1223,823-78-4939,202205
695,Washington,Lon,F,,"WASHINGTON, LON F ",04/06/2010,69727,530-96-5906,202205
696,Ruff,Arvy,V,,"RUFF, ARVY V ",04/09/2012,54075,779-26-7419,202205
697,Whitley,Burnard,I,,"WHITLEY, BURNARD I ",08/25/2003,99537,470-65-9936,202205
698,Slayton,Peyton,C,,"SLAYTON, PEYTON C ",03/15/1999,52554,193-33-4578,202205
699,Clementet,Lukas,S,,"CLEMENTET, LUKAS S ",10/21/2002,83270,387-87-1208,202205
700,David,Tait,O,,"DAVID, TAIT O ",10/13/2003,8542,897-66-4824,202205
701,Routham,Cirstoforo,E,,"ROUTHAM, CIRSTOFORO E ",07/16/2006,80510,704-88-0576,202205
702,Spino,Gallard,W,,"SPINO, GALLARD W ",06/16/2004,98749,315-07-8190,202205
703,Nyssen,Ignatius,Q,,"NYSSEN, IGNATIUS Q ",11/05/2013,29621,599-94-4294,202205
704,Marrable,Frasier,Z,,"MARRABLE, FRASIER Z ",11/04/2014,30499,157-33-0544,202205
705,Donaher,Skipper,O,,"DONAHER, SKIPPER O ",05/20/2003,53884,548-14-1709,202205
706,Sharrard,Fletch,C,Jr,"SHARRARD, FLETCH C JR",09/28/2015,75592,651-14-3092,202205
707,Grennan,Cameron,D,,"GRENNAN, CAMERON D ",11/08/2005,66051,382-28-6552,202205
708,Wyon,Christophorus,B,Jr,"WYON, CHRISTOPHORUS B JR",10/13/2000,38694,861-50-6277,202205
710,Winterbourne,Donn,N,,"WINTERBOURNE, DONN N ",09/05/2013,56853,885-33-3583,202205
711,Shout,Tod,V,,"SHOUT, TOD V ",10/19/2007,4067,469-34-5336,202205
712,Wells,Clare,K,,"WELLS, CLARE K ",08/25/2000,49095,783-14-0011,202205
713,Youell,Derward,U,,"YOUELL, DERWARD U ",11/29/2002,15480,394-83-0478,202205
714,Haliburton,Benn,O,,"HALIBURTON, BENN O ",11/25/2000,36336,687-33-6669,202205
715,Domingues,Abbie,E,,"DOMINGUES, ABBIE E ",02/10/2015,15910,291-30-6092,202205
716,Championnet,Nicolais,S,,"CHAMPIONNET, NICOLAIS S ",08/28/2001,3496,148-60-9061,202205
717,Portress,Piggy,S,,"PORTRESS, PIGGY S ",12/15/2010,50502,352-48-3560,202205
718,Dymick,Niles,R,,"DYMICK, NILES R ",07/26/2009,30457,741-69-8879,202205
719,Edgeworth,Marlowe,N,,"EDGEWORTH, MARLOWE N ",07/16/1997,97365,210-65-0522,202205
720,Gonzales,Burl,H,,"GONZALES, BURL H ",09/18/2014,1430,209-50-9623,202205
722,Haukey,Mitch,L,,"HAUKEY, MITCH L ",12/06/2000,27339,233-62-0564,202205
723,Andrich,Guillermo,B,,"ANDRICH, GUILLERMO B ",08/15/2010,5827,160-10-9711,202205
724,Burnapp,Emlyn,S,,"BURNAPP, EMLYN S ",12/22/2012,81544,395-21-7845,202205
725,Fursey,Maximo,H,,"FURSEY, MAXIMO H ",06/16/2002,77204,160-77-1118,202205
727,Order,Jessie,L,,"ORDER, JESSIE L ",01/24/2007,53547,343-78-2520,202205
728,Fawbert,Hamil,J,,"FAWBERT, HAMIL J ",05/07/2007,55891,228-96-7363,202205
729,Traher,Eldridge,J,,"TRAHER, ELDRIDGE J ",11/27/2003,34712,335-05-1628,202205
730,Filippello,Reagen,U,,"FILIPPELLO, REAGEN U ",11/08/1995,21924,620-23-0845,202205
731,Inglesfield,Claus,J,,"INGLESFIELD, CLAUS J ",12/08/1992,88000,245-40-8597,202205
732,Whetson,Harlin,K,,"WHETSON, HARLIN K ",05/29/1993,57118,672-41-9177,202205
733,Mallabon,Fidole,K,,"MALLABON, FIDOLE K ",07/17/1994,96631,243-43-3755,202205
735,Lingner,Caleb,S,,"LINGNER, CALEB S ",04/06/2011,40166,111-53-7902,202205
736,Gealy,Ash,S,,"GEALY, ASH S ",07/22/2013,92766,114-39-8496,202205
738,Connelly,Prent,X,,"CONNELLY, PRENT X ",04/22/2003,93454,703-23-2511,202205
739,Averay,Clayton,N,,"AVERAY, CLAYTON N ",05/05/2006,60943,174-82-3066,202205
741,De Vere,Cyril,Y,,"DE VERE, CYRIL Y ",06/02/1992,87276,767-33-1550,202205
742,Joontjes,Vincenty,U,,"JOONTJES, VINCENTY U ",12/03/1996,75514,771-92-8911,202205
743,Milbourn,Shannan,B,,"MILBOURN, SHANNAN B ",04/25/2012,23009,696-93-3735,202205
744,Dunklee,Emerson,E,,"DUNKLEE, EMERSON E ",03/11/1995,29543,475-72-8966,202205
746,Petrina,Zacharia,K,,"PETRINA, ZACHARIA K ",12/04/2004,62672,254-81-5432,202205
747,Chasemore,Bruis,S,Sr,"CHASEMORE, BRUIS S SR",10/04/2009,66663,257-78-1913,202205
748,Reavell,Claudius,H,,"REAVELL, CLAUDIUS H ",02/21/1998,26855,489-61-1190,202205
749,Pipworth,Elmo,B,,"PIPWORTH, ELMO B ",07/22/2001,23330,628-25-7144,202205
750,Gebhardt,Kenny,R,II,"GEBHARDT, KENNY R II",04/06/2017,3280,637-67-3236,202205
751,Salasar,Uriah,C,III,"SALASAR, URIAH C III",07/31/2002,43347,733-33-9441,202205
752,Purse,Derby,Q,,"PURSE, DERBY Q ",12/07/2012,60837,768-22-8109,202205
753,Lowndes,Marijn,S,,"LOWNDES, MARIJN S ",10/07/2005,27241,557-47-7275,202205
756,Abbey,Saundra,N,,"ABBEY, SAUNDRA N ",05/06/2010,41913,616-61-6551,202205
757,Spracklin,Levon,W,II,"SPRACKLIN, LEVON W II",04/19/1994,83774,857-22-5752,202205
758,Polglaze,Port,F,,"POLGLAZE, PORT F ",12/15/2010,90861,624-34-2818,202205
759,McGreal,Doyle,U,,"MCGREAL, DOYLE U ",10/19/2012,88648,818-74-5312,202205
760,Mabbott,Bancroft,P,,"MABBOTT, BANCROFT P ",09/08/2004,59999,386-04-9403,202205
762,Caygill,Dory,M,,"CAYGILL, DORY M ",12/11/2014,43219,683-21-3088,202205
763,Mitchelhill,Berkeley,M,,"MITCHELHILL, BERKELEY M ",05/19/1994,55517,441-11-8143,202205
764,Catherick,Bail,V,,"CATHERICK, BAIL V ",11/25/2018,51427,646-54-9201,202205
765,Wheldon,Sancho,P,,"WHELDON, SANCHO P ",04/12/1992,57427,480-13-4941,202205
766,Hovey,Thane,K,,"HOVEY, THANE K ",05/01/2014,54465,848-59-8123,202205
767,Pellew,Marcus,A,,"PELLEW, MARCUS A ",03/12/2012,84494,526-86-4679,202205
768,Gladdin,Huntlee,E,,"GLADDIN, HUNTLEE E ",06/15/2000,63583,233-99-6260,202205
769,Chalke,Martyn,T,,"CHALKE, MARTYN T ",05/16/2012,6158,402-06-0448,202205
770,Van Eeden,Gideon,S,,"VAN EEDEN, GIDEON S ",12/08/1999,35417,748-47-5410,202205
771,Welsh,Garth,O,,"WELSH, GARTH O ",04/26/2001,9959,843-33-8257,202205
772,Jiri,Alisander,C,,"JIRI, ALISANDER C ",03/31/1998,62334,345-90-5928,202205
773,Goodinge,Ikey,Z,,"GOODINGE, IKEY Z ",05/04/1995,86900,635-94-5474,202205
774,Adamolli,Maurice,F,,"ADAMOLLI, MAURICE F ",08/18/2012,88210,738-53-1236,202205
775,Bostick,Tuck,T,,"BOSTICK, TUCK T ",11/10/2009,17163,392-92-2921,202205
776,Sancroft,North,T,,"SANCROFT, NORTH T ",07/25/2002,8121,763-65-5682,202205
777,Girardengo,Felizio,Y,,"GIRARDENGO, FELIZIO Y ",08/07/2008,11285,379-92-8890,202205
778,Rennels,Christian,S,,"RENNELS, CHRISTIAN S ",08/13/2012,72031,507-21-5512,202205
779,Rowena,Tod,V,,"ROWENA, TOD V ",06/01/1997,61010,431-43-2396,202205
780,Hains,Pryce,L,,"HAINS, PRYCE L ",09/20/2011,57277,403-44-1537,202205
781,Choppen,Fax,T,,"CHOPPEN, FAX T ",10/09/2005,32514,849-98-2770,202205
785,De Leek,Niel,E,,"DE LEEK, NIEL E ",02/23/1997,18965,530-54-6370,202205
786,Lamas,Salvatore,D,,"LAMAS, SALVATORE D ",11/18/2007,23134,353-79-5867,202205
787,Peatman,Norry,D,,"PEATMAN, NORRY D ",11/11/2001,79857,716-92-1022,202205
788,Shephard,Doug,H,,"SHEPHARD, DOUG H ",09/25/2008,36029,801-33-9205,202205
789,Bootherstone,Filip,D,,"BOOTHERSTONE, FILIP D ",06/16/2016,45439,192-63-7739,202205
790,Spirritt,Cosmo,P,,"SPIRRITT, COSMO P ",10/09/1997,43072,465-74-7824,202205
791,Lannen,Ichabod,S,,"LANNEN, ICHABOD S ",03/07/2001,31667,667-29-0322,202205
792,Newlands,Kelvin,Z,,"NEWLANDS, KELVIN Z ",04/27/2015,34423,573-21-9588,202205
793,Sheldrake,Jocko,K,,"SHELDRAKE, JOCKO K ",06/26/1992,71516,804-80-6637,202205
794,Osbourne,Nichols,I,,"OSBOURNE, NICHOLS I ",04/30/2001,23057,483-97-0336,202205
796,Antliff,Fitzgerald,M,Sr,"ANTLIFF, FITZGERALD M SR",03/01/2002,58727,350-80-5868,202205
797,Wormstone,Cobbie,G,,"WORMSTONE, COBBIE G ",02/10/2006,34257,569-62-6785,202205
798,Pinckney,Yancy,I,IV,"PINCKNEY, YANCY I IV",06/14/1996,94971,455-79-4525,202205
799,McCormick,Art,U,,"MCCORMICK, ART U ",08/01/2011,53660,565-87-4911,202205
800,Ellison,Ingmar,F,,"ELLISON, INGMAR F ",09/23/2011,30866,201-72-0892,202205
801,Firbank,Chick,R,,"FIRBANK, CHICK R ",09/20/2002,5858,322-73-9116,202205
802,Tramel,Izak,D,,"TRAMEL, IZAK D ",07/31/1993,13674,865-85-9728,202205
803,Tonbye,Hobey,W,,"TONBYE, HOBEY W ",03/26/2014,69840,671-78-6865,202205
804,Buffham,Mickey,B,,"BUFFHAM, MICKEY B ",02/03/2018,99579,513-38-1627,202205
805,Philippart,Ricki,J,,"PHILIPPART, RICKI J ",02/18/1993,31018,157-68-0821,202205
806,McAw,Holmes,R,,"MCAW, HOLMES R ",06/29/2014,6581,484-54-5035,202205
807,Testin,Udale,Y,,"TESTIN, UDALE Y ",12/19/1999,80798,291-59-6219,202205
808,Struther,Rudie,E,,"STRUTHER, RUDIE E ",04/24/2000,35937,383-39-6233,202205
809,Rackam,Wyatan,R,,"RACKAM, WYATAN R ",01/24/2001,78165,313-84-6101,202205
810,O' Molan,Darrin,K,,"O' MOLAN, DARRIN K ",01/07/2003,16500,215-09-1364,202205
811,Chicchelli,Nowell,T,,"CHICCHELLI, NOWELL T ",10/05/2002,60880,405-99-0170,202205
812,Cumberledge,Giacomo,V,,"CUMBERLEDGE, GIACOMO V ",12/12/2016,53809,168-65-1476,202205
813,Murcott,Archy,O,,"MURCOTT, ARCHY O ",07/21/2018,91866,162-14-8805,202205
814,Birdsey,Reinhard,Y,,"BIRDSEY, REINHARD Y ",02/13/1996,61300,891-90-5646,202205
816,Methringham,Giffer,F,II,"METHRINGHAM, GIFFER F II",05/24/2003,18525,815-84-7246,202205
817,Philippe,Pasquale,I,,"PHILIPPE, PASQUALE I ",06/17/2003,27881,456-62-1658,202205
819,Halms,Thibaud,R,,"HALMS, THIBAUD R ",06/30/2004,90069,841-87-7518,202205
820,Saull,Saunderson,B,,"SAULL, SAUNDERSON B ",03/30/2010,79640,622-71-9078,202205
821,Izkovici,Crichton,A,,"IZKOVICI, CRICHTON A ",05/12/2003,85906,349-97-7987,202205
822,Lovell,Murry,T,,"LOVELL, MURRY T ",04/28/2001,20733,220-51-0907,202205
823,McGrail,Joey,T,,"MCGRAIL, JOEY T ",06/15/2007,1286,554-04-0867,202205
824,Claus,Burk,M,,"CLAUS, BURK M ",06/23/2008,89942,772-15-4274,202205
825,Emblen,Erastus,S,,"EMBLEN, ERASTUS S ",07/16/2013,33013,260-72-2204,202205
826,Bassford,Stillmann,F,IV,"BASSFORD, STILLMANN F IV",06/16/2012,39718,110-71-2441,202205
827,Chaperlin,Thom,Z,,"CHAPERLIN, THOM Z ",07/22/2003,47090,784-28-1647,202205
828,Shimuk,Gawen,B,,"SHIMUK, GAWEN B ",09/28/2002,76480,551-82-9194,202205
829,Dorie,Nicola,P,,"DORIE, NICOLA P ",08/17/2002,6291,503-25-0956,202205
830,Tipler,See,H,,"TIPLER, SEE H ",07/10/2019,14134,764-52-3683,202205
831,Cassie,Karoly,C,,"CASSIE, KAROLY C ",08/31/2000,79352,487-49-7414,202205
833,Boerderman,Finlay,H,,"BOERDERMAN, FINLAY H ",08/15/2015,78681,349-59-0699,202205
835,Sent,Cordy,J,,"SENT, CORDY J ",10/28/1996,14511,658-54-9563,202205
836,Ivett,Will,V,,"IVETT, WILL V ",07/05/2003,48054,561-54-3928,202205
837,Harteley,Akim,O,,"HARTELEY, AKIM O ",05/25/2001,36107,690-49-8456,202205
838,Cadigan,Cornell,X,,"CADIGAN, CORNELL X ",04/24/1999,55125,835-71-1230,202205
839,Risborough,Hansiain,H,,"RISBOROUGH, HANSIAIN H ",11/11/2004,23435,676-22-6731,202205
840,Jakab,Gard,W,,"JAKAB, GARD W ",02/20/1997,87042,222-85-1394,202205
842,Burchett,Wyn,Q,,"BURCHETT, WYN Q ",01/30/1996,15390,739-53-1003,202205
843,Poulston,Farrel,F,,"POULSTON, FARREL F ",03/15/2014,21835,152-35-2766,202205
844,Dudenie,Hew,C,,"DUDENIE, HEW C ",09/02/1994,8057,684-87-9280,202205
845,Toulch,Ingemar,A,,"TOULCH, INGEMAR A ",02/10/2016,48165,731-56-5279,202205
846,Britland,Thornton,S,,"BRITLAND, THORNTON S ",04/06/2006,19228,237-46-6984,202205
847,Phare,Maxim,M,II,"PHARE, MAXIM M II",07/13/1996,84671,516-75-6970,202205
848,Hayball,Bernardo,K,,"HAYBALL, BERNARDO K ",08/06/1997,52605,116-51-0284,202205
849,Idenden,Jimmie,F,,"IDENDEN, JIMMIE F ",11/18/2004,4441,151-65-8248,202205
850,Eddolls,Manuel,O,,"EDDOLLS, MANUEL O ",05/05/2006,65788,872-53-9205,202205
851,Handover,Dominik,F,,"HANDOVER, DOMINIK F ",04/08/1998,22942,520-12-6553,202205
852,Muldoon,Alfonso,G,,"MULDOON, ALFONSO G ",06/14/2014,41805,892-74-3961,202205
853,Darker,Esra,A,,"DARKER, ESRA A ",12/30/2015,35256,159-29-7608,202205
856,Egar,Nev,V,,"EGAR, NEV V ",01/10/2010,39099,827-05-4014,202205
857,Bianco,Courtnay,K,,"BIANCO, COURTNAY K ",07/28/2010,63910,814-48-3945,202205
858,Brownett,Jehu,S,,"BROWNETT, JEHU S ",09/22/1997,96289,753-05-8968,202205
860,Enos,Mohandis,D,,"ENOS, MOHANDIS D ",03/16/2007,30043,441-67-5597,202205
861,Calliss,Shanan,I,,"CALLISS, SHANAN I ",11/04/1992,62934,167-72-5210,202205
862,Tayt,Randolf,W,Jr,"TAYT, RANDOLF W JR",05/03/2010,14075,837-90-0903,202205
863,Ivashev,Tomlin,S,,"IVASHEV, TOMLIN S ",09/18/1998,56553,511-18-4146,202205
865,Salleir,Obed,H,,"SALLEIR, OBED H ",03/19/1996,51079,342-39-0705,202205
866,Ferres,Emmett,S,,"FERRES, EMMETT S ",06/30/1998,91417,617-68-5995,202205
867,Reide,Kerwin,V,,"REIDE, KERWIN V ",04/08/2010,82292,337-09-1445,202205
868,Bellinger,Gabi,R,,"BELLINGER, GABI R ",09/15/2006,97340,552-53-4282,202205
869,Tonkinson,Frederigo,U,,"TONKINSON, FREDERIGO U ",03/05/2007,72421,347-65-9277,202205
870,Weagener,Roth,Q,,"WEAGENER, ROTH Q ",07/15/2016,30129,464-93-4641,202205
871,Brosetti,Rolfe,U,,"BROSETTI, ROLFE U ",03/24/2006,6488,891-14-2874,202205
872,Lupton,Brigg,S,,"LUPTON, BRIGG S ",11/17/2003,95763,797-43-0105,202205
874,Croley,Gino,A,,"CROLEY, GINO A ",08/18/1993,86394,164-07-9608,202205
875,Gude,Aube,Z,,"GUDE, AUBE Z ",08/14/2000,71052,832-70-0250,202205
876,Emes,Calv,E,,"EMES, CALV E ",04/30/2011,57938,269-17-7056,202205
878,Deval,Archer,B,,"DEVAL, ARCHER B ",12/10/2002,87098,170-82-4749,202205
879,Storton,Gardener,L,,"STORTON, GARDENER L ",12/30/2015,98763,152-22-1988,202205
880,Van den Hof,Stanford,W,,"VAN DEN HOF, STANFORD W ",10/21/2019,18761,575-47-7494,202205
881,Durtnel,Moses,F,,"DURTNEL, MOSES F ",06/19/2004,50683,577-29-4118,202205
882,Deveraux,Kienan,E,,"DEVERAUX, KIENAN E ",04/14/2019,59951,218-36-6631,202205
883,Managh,Petr,R,,"MANAGH, PETR R ",01/12/2017,63282,823-94-0818,202205
884,Danielsky,Mordy,D,,"DANIELSKY, MORDY D ",09/14/2000,88595,137-67-7490,202205
885,Riddock,Adler,B,,"RIDDOCK, ADLER B ",12/07/2005,66122,422-96-2571,202205
886,Robus,Albrecht,O,,"ROBUS, ALBRECHT O ",07/31/1993,70923,543-68-3155,202205
887,Cosh,Huey,V,,"COSH, HUEY V ",05/07/2006,76648,654-61-3176,202205
888,Bradburne,Salvidor,J,,"BRADBURNE, SALVIDOR J ",03/12/1993,23389,347-87-2234,202205
889,Langstone,Noak,X,,"LANGSTONE, NOAK X ",07/17/2015,96112,113-97-0961,202205
890,Andrzejak,Wallache,N,,"ANDRZEJAK, WALLACHE N ",12/27/2017,65063,516-10-0049,202205
891,Pochin,Dalston,N,,"POCHIN, DALSTON N ",09/03/1995,42252,417-80-4496,202205
892,Lunk,Carlos,Z,,"LUNK, CARLOS Z ",12/16/1994,76952,123-86-4011,202205
893,Cawkwell,Joshua,I,,"CAWKWELL, JOSHUA I ",01/27/2008,3467,831-07-6600,202205
894,Worsalls,Chas,I,,"WORSALLS, CHAS I ",04/10/2004,57408,747-12-5431,202205
898,Mintrim,Roman,M,III,"MINTRIM, ROMAN M III",04/27/1999,91104,660-45-2795,202205
899,Clelland,Brenden,Q,,"CLELLAND, BRENDEN Q ",08/31/2017,39129,751-56-9866,202205
900,Pontain,Lenard,T,,"PONTAIN, LENARD T ",12/16/2000,25556,435-07-6264,202205
901,Jordison,Brand,G,,"JORDISON, BRAND G ",01/24/1995,29636,495-52-3227,202205
902,Arrighetti,Gearard,M,,"ARRIGHETTI, GEARARD M ",07/29/2003,82823,674-28-3793,202205
904,Darwin,Laney,D,,"DARWIN, LANEY D ",11/09/2008,7530,454-40-1413,202205
906,Saker,Arturo,J,,"SAKER, ARTURO J ",01/05/2019,42162,522-94-0346,202205
908,Sallier,Sascha,Y,,"SALLIER, SASCHA Y ",11/05/2010,23279,519-43-4273,202205
909,Mattschas,Lamar,G,,"MATTSCHAS, LAMAR G ",04/01/1995,48815,830-13-5843,202205
910,Remnant,Stinky,A,,"REMNANT, STINKY A ",05/22/2003,637,116-16-9715,202205
911,Gorbell,Jozef,F,,"GORBELL, JOZEF F ",12/15/1996,79987,189-65-3883,202205
912,Ludvigsen,Wildon,U,,"LUDVIGSEN, WILDON U ",05/30/2008,27226,718-90-1345,202205
913,Liles,Lane,G,II,"LILES, LANE G II",03/31/2015,59621,563-86-3925,202205
914,McColgan,Cleavland,U,,"MCCOLGAN, CLEAVLAND U ",04/11/2011,19109,440-53-0473,202205
915,Izakov,Spence,Z,,"IZAKOV, SPENCE Z ",11/16/2006,97793,229-57-4065,202205
916,Sinott,Serge,H,,"SINOTT, SERGE H ",04/15/2013,48022,822-39-8552,202205
917,Eyres,Vladamir,F,,"EYRES, VLADAMIR F ",07/09/2017,70747,560-05-1406,202205
918,MacDuffie,Tucky,H,,"MACDUFFIE, TUCKY H ",03/02/2005,62985,663-44-3361,202205
919,Heining,Antonin,M,,"HEINING, ANTONIN M ",06/13/1999,67276,845-40-1283,202205
920,Ottley,Reed,Z,,"OTTLEY, REED Z ",09/14/1994,48615,733-55-4063,202205
921,Badrock,Barthel,N,,"BADROCK, BARTHEL N ",12/29/2007,2039,868-97-7792,202205
925,Tranckle,Dorian,G,,"TRANCKLE, DORIAN G ",07/05/2000,62171,464-09-9168,202205
926,Trace,Si,T,,"TRACE, SI T ",12/18/2001,83551,605-69-4577,202205
927,Conry,Rufus,U,,"CONRY, RUFUS U ",09/05/2013,37597,234-72-2343,202205
928,Skottle,Shelley,N,,"SKOTTLE, SHELLEY N ",08/21/1992,27929,872-30-2905,202205
929,Zannuto,Colver,M,,"ZANNUTO, COLVER M ",10/16/2007,40686,229-74-5787,202205
932,Jouaneton,Jocko,X,,"JOUANETON, JOCKO X ",10/09/2000,53447,158-12-4253,202205
933,O'Grogane,Dana,J,,"O'GROGANE, DANA J ",12/20/2011,48050,457-35-2131,202205
934,Piddlesden,Ernesto,G,,"PIDDLESDEN, ERNESTO G ",04/18/2000,41595,661-46-6777,202205
935,MacPhail,Puff,M,,"MACPHAIL, PUFF M ",04/28/2006,99109,491-54-9975,202205
936,Lally,Lorne,R,,"LALLY, LORNE R ",05/06/2001,98333,845-64-6769,202205
937,Barracks,Wildon,S,,"BARRACKS, WILDON S ",07/10/2008,16421,182-93-3135,202205
938,Giggie,Fabiano,I,,"GIGGIE, FABIANO I ",06/21/2005,1292,561-94-1284,202205
939,Klampt,Kin,P,,"KLAMPT, KIN P ",11/14/2004,9027,441-57-1269,202205
940,Bracey,Beaufort,U,,"BRACEY, BEAUFORT U ",09/18/2001,55331,437-72-4382,202205
941,Waplington,Humfrid,F,,"WAPLINGTON, HUMFRID F ",01/03/1994,19214,178-31-2502,202205
943,Bees,Baxter,W,,"BEES, BAXTER W ",01/02/1996,60070,566-16-4422,202205
944,Bauldrey,Hansiain,A,,"BAULDREY, HANSIAIN A ",06/23/1993,48482,824-85-4325,202205
947,Kilby,Webb,E,,"KILBY, WEBB E ",02/10/2016,35937,546-22-7932,202205
948,Burgwyn,Lovell,T,,"BURGWYN, LOVELL T ",05/23/2006,34464,551-69-5789,202205
949,Lawly,Kimble,Z,,"LAWLY, KIMBLE Z ",05/09/2015,41189,577-67-3553,202205
950,Darcey,Tomaso,X,,"DARCEY, TOMASO X ",05/23/2015,59686,548-40-8211,202205
951,Delph,Corby,H,,"DELPH, CORBY H ",05/25/1996,32337,626-17-1769,202205
953,Wallicker,Gian,Q,,"WALLICKER, GIAN Q ",03/31/2009,21430,469-05-4396,202205
954,Durban,Manolo,O,,"DURBAN, MANOLO O ",12/01/2017,76169,850-29-5284,202205
955,Ricardin,Leicester,Z,,"RICARDIN, LEICESTER Z ",04/13/1995,68834,689-23-4299,202205
956,Klempke,Stevy,D,,"KLEMPKE, STEVY D ",01/08/2013,72872,634-99-2573,202205
957,Overal,Edlin,K,,"OVERAL, EDLIN K ",06/18/1999,24659,178-71-4378,202205
958,Bernon,Stern,I,,"BERNON, STERN I ",04/02/1993,80183,663-73-3993,202205
959,Ramalhete,Arty,V,,"RAMALHETE, ARTY V ",10/10/2010,60999,220-33-8766,202205
960,Copello,Fleming,K,,"COPELLO, FLEMING K ",11/11/1995,68834,598-34-3896,202205
961,Di Gregorio,Krisha,W,,"DI GREGORIO, KRISHA W ",07/15/2000,59959,184-89-8304,202205
963,Kittman,Yuri,S,IV,"KITTMAN, YURI S IV",05/01/2016,1810,341-99-4148,202205
964,Jaukovic,Angus,X,,"JAUKOVIC, ANGUS X ",01/07/2004,58475,351-66-6958,202205
965,Jones,Archibaldo,L,,"JONES, ARCHIBALDO L ",07/01/2019,34687,136-59-2589,202205
966,Thirlwell,Reinwald,R,,"THIRLWELL, REINWALD R ",08/22/2012,12324,574-75-1406,202205
967,Quelch,Dale,X,,"QUELCH, DALE X ",05/01/2013,21520,365-46-4069,202205
968,McRavey,Rudy,S,,"MCRAVEY, RUDY S ",03/06/1998,6141,545-42-4385,202205
969,Yezafovich,Duffie,Z,Sr,"YEZAFOVICH, DUFFIE Z SR",09/29/1995,47443,898-55-7811,202205
970,Martensen,Rafaellle,I,,"MARTENSEN, RAFAELLLE I ",07/29/2013,41826,874-37-0059,202205
971,Simco,Ambrose,I,,"SIMCO, AMBROSE I ",08/29/2006,96979,538-70-9930,202205
973,Bezarra,Hayes,K,,"BEZARRA, HAYES K ",08/20/2015,18009,426-68-7541,202205
974,Labrum,Torrin,L,,"LABRUM, TORRIN L ",06/26/2006,60721,891-21-6294,202205
975,Holdey,Rollie,M,,"HOLDEY, ROLLIE M ",01/01/2013,11506,525-37-9318,202205
976,Barenskie,Englebert,E,,"BARENSKIE, ENGLEBERT E ",02/10/2002,17106,161-96-6198,202205
977,Cathesyed,Hector,D,,"CATHESYED, HECTOR D ",12/31/2006,35839,849-58-0591,202205
978,McNuff,Giff,O,,"MCNUFF, GIFF O ",05/25/2007,3760,206-85-9369,202205
979,Nazaret,Avigdor,U,,"NAZARET, AVIGDOR U ",07/28/1999,72630,778-31-4886,202205
980,Wattinham,Meier,J,,"WATTINHAM, MEIER J ",08/29/2004,34853,822-51-7623,202205
981,Traise,Jerrome,M,,"TRAISE, JERROME M ",04/29/1994,43030,899-34-7322,202205
983,Bedow,Orbadiah,P,,"BEDOW, ORBADIAH P ",12/12/2004,83034,202-18-7505,202205
984,Blest,Moritz,G,,"BLEST, MORITZ G ",12/31/2006,56376,167-20-2715,202205
985,Abramamovh,Ignaz,N,,"ABRAMAMOVH, IGNAZ N ",10/25/1999,27919,576-01-1329,202205
986,Adolfson,Link,J,,"ADOLFSON, LINK J ",10/29/2002,54027,881-86-6765,202205
987,Osgood,Godfree,S,,"OSGOOD, GODFREE S ",12/06/1998,18882,264-92-7697,202205
988,Druitt,Rafael,U,,"DRUITT, RAFAEL U ",03/01/1992,2624,831-03-8209,202205
989,Mewitt,Daryle,A,,"MEWITT, DARYLE A ",12/07/2017,46565,748-72-4062,202205
991,Martellini,Lenci,M,,"MARTELLINI, LENCI M ",02/22/2004,12236,203-67-5015,202205
992,Bickerdike,Christoffer,O,,"BICKERDIKE, CHRISTOFFER O ",02/28/2006,84563,734-01-6339,202205
993,Gilmore,Zaccaria,F,,"GILMORE, ZACCARIA F ",07/14/1993,33587,550-34-4521,202205
994,Lowman,Kevon,D,,"LOWMAN, KEVON D ",07/15/2014,86638,702-55-2652,202205
995,Giuron,Sigvard,F,,"GIURON, SIGVARD F ",12/22/2008,1863,165-40-3981,202205
997,Feander,Alphonse,O,,"FEANDER, ALPHONSE O ",04/25/2011,11727,395-95-5597,202205
998,Mustoo,Erastus,D,,"MUSTOO, ERASTUS D ",01/26/2007,49599,464-98-2204,202205
999,Jaegar,Devlin,Q,,"JAEGAR, DEVLIN Q ",04/17/2007,81521,266-89-7546,202205
