id,last_name,first_name,MI,SF,full_name,on_board_date,ECI,SSN,LOA
1,Leveritt,Raynard,X,IV,"LEVERITT, RAYNARD X IV",08/06/1992,51215,314-59-4546,202205
2,Kettle,Francklyn,Y,,"KETTLE, FRANCKLYN Y ",02/04/2008,84075,871-01-4197,202205
3,Stanesby,Dicky,F,,"STANESBY, DICKY F ",12/13/1992,95143,163-47-3318,202205
4,Croxford,Baillie,V,,"CROXFORD, BAILLIE V ",09/14/1997,40070,462-31-0359,202205
5,Glowach,Amos,M,,"GLOWACH, AMOS M ",03/09/2012,4153,394-42-1438,202205
6,Rechert,Farly,A,,"RECHERT, FARLY A ",01/26/2006,57767,485-81-6109,202205
7,Sinson,Allayne,C,,"SINSON, ALLAYNE C ",10/14/2003,85894,710-09-1757,202205
8,Skocroft,Boigie,W,,"SKOCROFT, BOIGIE W ",10/31/2018,64979,496-26-3834,202205
9,Berkley,Barri,M,,"BERKLEY, BARRI M ",10/11/2002,85819,238-77-0872,202205
10,Sidlow,Deane,P,,"SIDLOW, DEANE P ",12/29/1993,56487,628-18-1095,202205
11,Cloke,Bron,D,,"CLOKE, BRON D ",11/13/2007,13566,892-68-5194,202205
12,Rhead,Isaak,F,,"RHEAD, ISAAK F ",11/11/2011,30713,388-62-6422,202205
13,Boother,Hillyer,S,,"BOOTHER, HILLYER S ",10/07/1995,56502,422-16-0023,202205
14,Bozworth,Rusty,H,,"BOZWORTH, RUSTY H ",07/30/1992,58425,137-40-5328,202205
15,MacPaike,Jamesy,V,,"MACPAIKE, JAMESY V ",10/01/1996,47270,583-07-0414,202205
16,Jentgens,Hakeem,C,,"JENTGENS, HAKEEM C ",02/06/2009,5948,425-95-3992,202205
17,Arnaudet,Randal,T,,"ARNAUDET, RANDAL T ",10/22/2016,1374,882-94-1474,202205
18,Garvill,Edgardo,S,,"GARVILL, EDGARDO S ",09/08/2011,96097,317-58-9605,202205
19,Libri,George,B,,"LIBRI, GEORGE B ",04/09/2007,82849,641-82-4847,202205
20,Kampshell,Patten,N,,"KAMPSHELL, PATTEN N ",02/17/2011,3105,124-88-5951,202205
21,Bartoszewski,Barnebas,P,,"BARTOSZEWSKI, BARNEBAS P ",08/25/1999,32741,453-35-5776,202205
22,Wakeham,Archie,M,,"WAKEHAM, ARCHIE M ",04/03/2014,36351,585-30-6648,202205
23,Gopsell,Vidovik,U,,"GOPSELL, VIDOVIK U ",11/05/2011,55592,848-65-1619,202205
24,Bazley,Merrill,L,,"BAZLEY, MERRILL L ",08/21/2015,56627,622-76-9351,202205
25,Staniland,Hale,H,,"STANILAND, HALE H ",07/01/1994,4278,333-34-8317,202205
26,Dracey,Dudley,U,,"DRACEY, DUDLEY U ",10/10/2016,78742,165-46-8836,202205
27,Skures,Vincent,A,Jr,"SKURES, VINCENT A JR",05/14/2019,28181,899-27-8022,202205
28,Cresar,Cy,D,,"CRESAR, CY D ",04/24/2011,89609,134-81-1880,202205
29,Cuppitt,Nev,O,,"CUPPITT, NEV O ",08/24/2015,91189,203-24-7256,202205
30,Baradel,Gabbie,D,II,"BARADEL, GABBIE D II",12/11/2006,55344,829-81-6464,202205
31,Dran,Wheeler,O,,"DRAN, WHEELER O ",08/14/2002,44343,587-68-5842,202205
32,Vaud,Demetre,E,Jr,"VAUD, DEMETRE E JR",12/26/1998,43033,701-96-9520,202205
33,Byneth,Homer,R,,"BYNETH, HOMER R ",07/25/2001,47699,420-03-6526,202205
34,Graybeal,Jens,T,,"GRAYBEAL, JENS T ",04/17/2015,28683,107-60-4060,202205
35,Spurryer,Giorgio,F,,"SPURRYER, GIORGIO F ",04/21/2008,71379,836-79-1931,202205
36,Rennenbach,Fields,C,,"RENNENBACH, FIELDS C ",11/12/2009,80478,778-80-6305,202205
37,Bricket,Sergio,Q,,"BRICKET, SERGIO Q ",11/06/2011,72606,539-29-4496,202205
38,Lakes,Ross,G,,"LAKES, ROSS G ",06/14/1999,47677,600-50-2254,202205
39,Pedri,Erin,D,,"PEDRI, ERIN D ",08/17/2003,26540,148-86-0541,202205
40,Borgesio,Emile,Q,,"BORGESIO, EMILE Q ",09/15/1994,5116,464-67-0081,202205
41,Gromley,Wiley,X,,"GROMLEY, WILEY X ",10/06/2004,88064,798-26-3182,202205
42,Gabala,Marcel,N,,"GABALA, MARCEL N ",04/01/2010,51565,731-44-8017,202205
43,Logue,Arron,M,,"LOGUE, ARRON M ",06/03/2012,81674,672-16-1284,202205
44,Buney,Danny,W,,"BUNEY, DANNY W ",10/24/1996,31846,717-17-4291,202205
45,Beglin,Frederich,B,,"BEGLIN, FREDERICH B ",03/24/1992,29755,249-01-4252,202205
46,Venton,Harold,R,,"VENTON, HAROLD R ",08/11/2018,83213,419-67-6487,202205
47,Formoy,Sloan,L,,"FORMOY, SLOAN L ",05/11/2008,24051,856-35-7409,202205
48,Macias,Garth,F,,"MACIAS, GARTH F ",10/19/2005,39155,274-02-3036,202205
49,Padillo,Llewellyn,W,,"PADILLO, LLEWELLYN W ",01/19/2008,16752,432-92-3285,202205
50,Shankland,Jonas,H,,"SHANKLAND, JONAS H ",03/14/1999,73586,460-03-0318,202205
51,Di Giacomo,Nicolis,H,,"DI GIACOMO, NICOLIS H ",03/26/2005,7098,389-82-9271,202205
52,Bruyet,Putnam,Q,,"BRUYET, PUTNAM Q ",05/27/2016,87442,458-26-9585,202205
53,Sebire,Jeffie,R,,"SEBIRE, JEFFIE R ",06/21/2006,94821,224-72-8756,202205
54,Plom,Fields,H,,"PLOM, FIELDS H ",06/07/2014,20383,759-35-6573,202205
55,Kubiak,Grady,X,,"KUBIAK, GRADY X ",09/08/2007,21036,543-62-4622,202205
56,Sherland,Jarrod,B,,"SHERLAND, JARROD B ",01/05/1999,31060,693-56-4142,202205
57,Maddaford,Weylin,T,,"MADDAFORD, WEYLIN T ",09/11/2006,14254,363-66-7042,202205
58,Ricardo,Jaime,W,,"RICARDO, JAIME W ",04/01/2004,41906,205-79-8263,202205
59,Revitt,Field,H,,"REVITT, FIELD H ",09/29/1993,69128,759-67-2952,202205
60,Marsie,Theodore,Q,,"MARSIE, THEODORE Q ",01/15/2013,11997,789-18-1205,202205
61,Sommerville,Stanislaus,Q,,"SOMMERVILLE, STANISLAUS Q ",11/11/2019,77438,541-52-9409,202205
62,Galpin,Colman,S,,"GALPIN, COLMAN S ",10/16/2012,98049,271-61-7066,202205
63,Dukes,Cory,C,,"DUKES, CORY C ",03/12/2002,49645,230-84-7978,202205
64,Deakan,Paddie,H,,"DEAKAN, PADDIE H ",05/22/2011,11946,633-90-5851,202205
65,Suffe,Nathan,J,,"SUFFE, NATHAN J ",08/10/2018,96243,702-49-8558,202205
66,Chugg,Alexandr,R,,"CHUGG, ALEXANDR R ",11/02/2006,68240,284-69-5643,202205
67,Gowar,Burg,H,,"GOWAR, BURG H ",04/07/1992,39182,765-50-3667,202205
68,Tolchard,Darbee,C,,"TOLCHARD, DARBEE C ",04/16/2002,78943,210-92-9120,202205
69,Rhodes,Cordy,A,,"RHODES, CORDY A ",10/18/1998,90758,100-27-6050,202205
70,Faloon,Slade,G,,"FALOON, SLADE G ",04/10/2009,52630,835-07-2411,202205
71,Ruckledge,Maxwell,P,,"RUCKLEDGE, MAXWELL P ",06/10/2016,87614,462-62-9979,202205
72,Durham,Oliviero,T,,"DURHAM, OLIVIERO T ",12/16/2002,35123,776-84-6112,202205
73,Coultous,Coop,I,,"COULTOUS, COOP I ",06/20/2006,52106,296-56-9544,202205
74,Swiffin,Alisander,A,,"SWIFFIN, ALISANDER A ",06/08/1993,4635,618-97-7965,202205
75,Satchel,Eberhard,T,,"SATCHEL, EBERHARD T ",09/29/2013,31440,554-75-3333,202205
76,Cooch,Daren,Y,,"COOCH, DAREN Y ",10/25/2014,94440,231-60-7546,202205
77,Lamplough,Gus,R,,"LAMPLOUGH, GUS R ",10/22/1995,50064,567-20-8458,202205
78,Ody,John,D,,"ODY, JOHN D ",05/29/2011,18524,619-90-1871,202205
79,Rallin,Dieter,Q,,"RALLIN, DIETER Q ",05/03/2012,30149,179-51-8150,202205
80,Cregin,Chadwick,A,,"CREGIN, CHADWICK A ",08/10/2005,30571,849-11-1777,202205
81,Craigg,Barton,G,,"CRAIGG, BARTON G ",11/26/2009,10545,395-68-5318,202205
82,O'Nowlan,Gavan,Q,,"O'NOWLAN, GAVAN Q ",06/16/2018,46245,285-68-9714,202205
83,Ivankin,Farlay,Y,,"IVANKIN, FARLAY Y ",12/26/1999,36380,316-89-7739,202205
84,Rama,Clayborn,N,,"RAMA, CLAYBORN N ",06/19/2010,37289,690-36-1980,202205
85,Burndred,Finley,Q,,"BURNDRED, FINLEY Q ",01/28/1994,73205,246-70-8930,202205
86,Anlay,Bradford,Y,,"ANLAY, BRADFORD Y ",10/27/2002,87820,324-45-2094,202205
87,Drieu,Barri,C,,"DRIEU, BARRI C ",08/07/1999,70348,773-85-3853,202205
88,State,Werner,B,,"STATE, WERNER B ",07/29/2011,41468,335-49-6141,202205
89,Pattenden,Innis,D,,"PATTENDEN, INNIS D ",08/31/1994,43255,541-16-4556,202205
90,Spick,Malachi,W,,"SPICK, MALACHI W ",12/10/2002,27812,563-32-0673,202205
91,Aisbett,Baldwin,C,,"AISBETT, BALDWIN C ",09/18/2004,52107,605-90-1803,202205
92,Longega,Josiah,A,,"LONGEGA, JOSIAH A ",12/05/2016,97062,605-70-1010,202205
93,Bricket,Brose,N,,"BRICKET, BROSE N ",01/27/2017,16494,849-26-4427,202205
94,Shay,Valdemar,D,,"SHAY, VALDEMAR D ",01/15/1999,33979,475-10-3462,202205
95,Veare,Currey,H,,"VEARE, CURREY H ",07/28/2017,57511,244-22-1522,202205
96,Kop,Brook,U,,"KOP, BROOK U ",05/26/2010,46419,379-09-8835,202205
97,Rimer,Felic,D,,"RIMER, FELIC D ",08/30/1994,74470,595-94-2749,202205
98,Mushawe,Wilmer,S,,"MUSHAWE, WILMER S ",11/01/2016,54502,600-52-5959,202205
99,Dasent,Isidoro,V,,"DASENT, ISIDORO V ",12/23/2009,82351,289-73-5217,202205
100,Riall,Tucky,W,,"RIALL, TUCKY W ",02/25/2000,19354,222-08-6288,202205
101,Tyrone,Salem,M,,"TYRONE, SALEM M ",11/05/2006,3524,608-08-3469,202205
102,Greenfield,Harwilll,V,,"GREENFIELD, HARWILLL V ",10/05/1996,68547,534-98-6851,202205
103,Danko,Herb,B,,"DANKO, HERB B ",10/16/2018,98778,647-53-1701,202205
104,Capper,Bert,R,,"CAPPER, BERT R ",10/02/2017,86123,325-32-1464,202205
105,Codeman,Win,Q,,"CODEMAN, WIN Q ",10/16/2000,46703,625-81-7390,202205
106,Elgood,Alvie,X,,"ELGOOD, ALVIE X ",08/30/1996,99573,784-76-4890,202205
107,Broadist,Eric,P,,"BROADIST, ERIC P ",04/05/2001,7634,785-53-1927,202205
108,Bagshawe,Horace,D,,"BAGSHAWE, HORACE D ",12/29/2017,44965,139-57-5354,202205
109,Biggin,Edd,O,,"BIGGIN, EDD O ",03/20/2009,58434,303-35-7603,202205
110,Costin,Eldridge,Y,,"COSTIN, ELDRIDGE Y ",09/04/2017,3078,514-54-3455,202205
111,Andretti,Algernon,H,,"ANDRETTI, ALGERNON H ",12/21/2014,93923,390-28-7821,202205
112,Margett,Merle,D,Jr,"MARGETT, MERLE D JR",12/18/1995,22864,645-98-0583,202205
113,Ovill,Kerr,Z,,"OVILL, KERR Z ",03/24/2001,86464,860-03-8958,202205
114,Ratnage,Pascale,J,,"RATNAGE, PASCALE J ",10/30/2001,48166,604-16-3145,202205
115,Ickovic,Brendan,N,,"ICKOVIC, BRENDAN N ",03/02/1995,27253,214-84-8565,202205
116,Radmore,Bertie,X,III,"RADMORE, BERTIE X III",09/17/2006,38273,290-83-6689,202205
117,Murdie,Zared,Q,,"MURDIE, ZARED Q ",05/04/2010,36759,431-60-7167,202205
118,Gronow,Royce,O,,"GRONOW, ROYCE O ",10/13/1996,19404,865-54-2243,202205
119,Dumsday,Basilio,I,,"DUMSDAY, BASILIO I ",03/27/2019,56997,698-51-7475,202205
120,Takle,Shalom,T,,"TAKLE, SHALOM T ",10/12/1994,10064,815-82-0025,202205
121,Jacmar,Grantham,R,,"JACMAR, GRANTHAM R ",06/05/2015,25422,719-51-2721,202205
122,Gaughan,See,A,,"GAUGHAN, SEE A ",10/09/1997,64342,788-11-6950,202205
123,Sevitt,Silvester,Q,,"SEVITT, SILVESTER Q ",08/30/2013,58166,162-18-6014,202205
124,Marjot,Salem,W,,"MARJOT, SALEM W ",03/09/2002,38865,520-09-8621,202205
125,Foucar,Iggie,S,,"FOUCAR, IGGIE S ",10/19/2005,84109,239-53-9244,202205
126,Prandini,Tobie,I,,"PRANDINI, TOBIE I ",03/16/2003,57352,388-85-1704,202205
127,Allnutt,Humfrid,L,,"ALLNUTT, HUMFRID L ",11/30/2011,68934,215-33-6129,202205
128,Paye,Rolando,T,,"PAYE, ROLANDO T ",03/04/2019,57684,199-61-3229,202205
129,Mufford,Kenyon,J,,"MUFFORD, KENYON J ",12/12/2005,11105,392-48-8532,202205
130,Gilloran,Anson,Y,,"GILLORAN, ANSON Y ",05/20/1994,86024,127-34-5066,202205
131,Lowman,Mile,M,,"LOWMAN, MILE M ",07/06/2016,48449,396-04-8761,202205
132,Rubinsztein,Roi,U,,"RUBINSZTEIN, ROI U ",10/13/2001,27725,311-14-4361,202205
133,Hentzer,Yehudit,M,,"HENTZER, YEHUDIT M ",12/02/1993,78738,845-51-3949,202205
134,Van Schafflaer,Hardy,R,,"VAN SCHAFFLAER, HARDY R ",11/20/1992,28580,719-88-9495,202205
135,Gillfillan,Cullan,U,,"GILLFILLAN, CULLAN U ",07/07/2014,6523,263-89-5479,202205
136,Iapico,Nikolai,D,,"IAPICO, NIKOLAI D ",01/30/2019,82566,254-59-4676,202205
137,Koenraad,Olvan,K,,"KOENRAAD, OLVAN K ",07/15/2008,24906,585-35-4498,202205
138,Butler,Elsworth,P,,"BUTLER, ELSWORTH P ",07/30/1996,20152,749-06-0492,202205
139,Probey,Adolph,X,,"PROBEY, ADOLPH X ",12/09/2008,17391,779-58-7194,202205
140,McMurtyr,Odie,C,,"MCMURTYR, ODIE C ",06/06/2012,79159,764-96-8645,202205
141,Twamley,Hughie,E,,"TWAMLEY, HUGHIE E ",11/08/2001,62786,746-75-5582,202205
142,Abry,Maison,A,,"ABRY, MAISON A ",10/02/2003,32673,863-23-3293,202205
143,Smithen,Iver,O,,"SMITHEN, IVER O ",03/20/2015,31882,658-72-6661,202205
144,Orriss,Garret,H,,"ORRISS, GARRET H ",06/15/2003,69570,611-79-0162,202205
145,Sergant,Alwyn,P,,"SERGANT, ALWYN P ",01/03/1993,30823,340-04-0313,202205
146,Dell Casa,Iver,Y,,"DELL CASA, IVER Y ",07/24/1996,94160,816-92-8621,202205
147,Rafe,Harris,S,,"RAFE, HARRIS S ",01/18/2005,68622,517-47-1573,202205
148,Huntall,Damian,X,,"HUNTALL, DAMIAN X ",02/15/2010,39275,561-05-3131,202205
149,Roxby,Engelbert,F,III,"ROXBY, ENGELBERT F III",06/18/1992,59634,786-89-4850,202205
150,Trollope,Nickola,C,,"TROLLOPE, NICKOLA C ",12/23/2010,90888,716-02-3870,202205
151,Pirazzi,Marty,H,,"PIRAZZI, MARTY H ",07/22/2018,66653,554-71-8655,202205
152,Bromehed,Dennison,Q,,"BROMEHED, DENNISON Q ",09/25/1994,21081,593-04-5030,202205
153,Piggot,Travers,K,,"PIGGOT, TRAVERS K ",12/27/2012,77619,128-46-6888,202205
154,Sturmey,Abe,G,,"STURMEY, ABE G ",12/09/1993,38689,155-13-8513,202205
155,Hourican,Lay,F,,"HOURICAN, LAY F ",08/24/2007,88823,700-26-4646,202205
156,Klousner,Mikael,L,,"KLOUSNER, MIKAEL L ",05/23/2014,1864,270-15-3734,202205
157,Hardage,Gran,O,,"HARDAGE, GRAN O ",11/30/2007,69186,449-97-2620,202205
158,Bruckstein,Ethe,J,,"BRUCKSTEIN, ETHE J ",02/09/2012,46187,507-79-4573,202205
159,Slayny,Rodney,Y,,"SLAYNY, RODNEY Y ",11/14/2008,93386,518-84-2298,202205
160,Skey,Nicolis,Q,,"SKEY, NICOLIS Q ",11/03/2000,99171,284-61-2238,202205
161,Tyer,Vinson,X,,"TYER, VINSON X ",08/02/2017,30090,355-64-4540,202205
162,Hume,Art,S,,"HUME, ART S ",09/11/1994,71292,407-60-7005,202205
163,Clopton,Peadar,M,,"CLOPTON, PEADAR M ",08/16/1993,46029,864-60-1675,202205
164,Vaughton,Terence,Y,,"VAUGHTON, TERENCE Y ",10/12/2002,62884,334-97-6072,202205
165,Bus,Conant,L,,"BUS, CONANT L ",12/20/1995,80605,658-11-0455,202205
166,Hallybone,Wheeler,L,,"HALLYBONE, WHEELER L ",02/06/2016,59337,638-04-7546,202205
167,Loughan,Benn,H,,"LOUGHAN, BENN H ",05/08/2016,20828,377-06-8612,202205
168,O'Doohaine,Antonius,X,,"O'DOOHAINE, ANTONIUS X ",02/17/2015,62120,287-24-9865,202205
169,Bransby,Phineas,I,,"BRANSBY, PHINEAS I ",07/02/2005,37567,662-52-0640,202205
170,Tullot,Schuyler,I,,"TULLOT, SCHUYLER I ",09/17/2003,6634,434-12-5389,202205
171,Glasner,Sanford,R,,"GLASNER, SANFORD R ",09/25/2008,42887,368-61-8442,202205
172,Kidwell,Richy,E,,"KIDWELL, RICHY E ",09/01/1999,99678,386-99-0119,202205
173,Heasman,Ettore,V,,"HEASMAN, ETTORE V ",05/02/2007,53576,285-82-4073,202205
174,Goodredge,Merrel,W,,"GOODREDGE, MERREL W ",12/05/2011,77959,163-07-3452,202205
175,Semechik,Corney,G,,"SEMECHIK, CORNEY G ",09/24/2015,76628,346-74-4311,202205
176,Waghorn,Wylie,X,,"WAGHORN, WYLIE X ",06/23/1995,73426,329-73-5212,202205
177,Locock,James,U,,"LOCOCK, JAMES U ",11/29/1995,60680,865-75-2280,202205
178,Worwood,Amerigo,Y,,"WORWOOD, AMERIGO Y ",08/20/2011,66438,467-96-0440,202205
179,Boliver,Townie,P,,"BOLIVER, TOWNIE P ",09/10/2009,2174,834-88-2436,202205
180,Simacek,Vin,V,,"SIMACEK, VIN V ",10/15/1996,7687,247-69-8239,202205
181,Chiommienti,Terencio,V,,"CHIOMMIENTI, TERENCIO V ",09/08/2019,37500,251-96-5180,202205
182,Barraclough,Derry,H,,"BARRACLOUGH, DERRY H ",08/23/1997,30772,325-43-2212,202205
183,McGlade,Damiano,E,,"MCGLADE, DAMIANO E ",01/20/2014,93177,851-04-9972,202205
184,Elkin,Herbert,N,,"ELKIN, HERBERT N ",10/16/2012,58522,373-19-1099,202205
185,Loudyan,Benjie,C,,"LOUDYAN, BENJIE C ",09/25/1998,40626,181-02-2673,202205
186,Kobke,Larry,Z,,"KOBKE, LARRY Z ",11/01/2006,71058,806-44-1809,202205
187,Curzon,Cecil,L,,"CURZON, CECIL L ",05/24/2005,41087,871-80-7558,202205
188,Dulling,Craggy,H,,"DULLING, CRAGGY H ",07/04/1992,15202,284-32-3717,202205
189,Gabrieli,Reagen,K,,"GABRIELI, REAGEN K ",10/22/2010,7005,658-50-7779,202205
190,Gazzard,Ignace,V,,"GAZZARD, IGNACE V ",04/19/1999,13581,690-19-5546,202205
191,Shorrock,Roger,P,,"SHORROCK, ROGER P ",03/04/1994,36645,706-54-0237,202205
192,Dewsnap,Art,X,,"DEWSNAP, ART X ",09/13/1994,6351,397-27-6035,202205
193,Gilding,Peter,C,,"GILDING, PETER C ",03/30/2003,69414,575-31-2966,202205
194,Gerriessen,Curran,K,,"GERRIESSEN, CURRAN K ",06/02/1995,13366,349-61-6881,202205
195,Errigo,Billie,M,,"ERRIGO, BILLIE M ",06/02/2010,51433,388-58-0787,202205
196,Spirit,Merrill,H,,"SPIRIT, MERRILL H ",11/04/2001,5874,469-74-1709,202205
197,Kinghorne,Tuck,N,,"KINGHORNE, TUCK N ",12/15/2008,17334,618-01-2388,202205
198,Rispen,Shem,D,IV,"RISPEN, SHEM D IV",08/18/2009,81587,842-91-2737,202205
199,Sievewright,Farlee,N,,"SIEVEWRIGHT, FARLEE N ",06/28/2010,32668,825-78-6383,202205
200,Gierek,Lucio,H,,"GIEREK, LUCIO H ",03/30/2019,78558,239-65-6696,202205
201,Geezer,Fred,T,,"GEEZER, FRED T",03/12/2003,78559,239-65-6699,202205
