id,last_name,first_name,MI,SF,full_name,on_board_date,ECI,SSN,LoA1,LoA2,LoA
1,Barnaby,Natale,L,,"BARNABY, NATALE L ",08/08/2005,69821,480-73-1249,2017,19,
2,Trustrie,Tallie,Q,,"TRUSTRIE, TALLIE Q ",12/14/1993,57203,356-78-7818,2016,12,
3,Wildsmith,Ruggiero,U,,"WILDSMITH, RUGGIERO U ",07/01/2015,07296,156-92-0146,2020,10,
4,Giorgione,Upton,I,,"GIORGIONE, UPTON I ",02/14/1992,76615,847-32-7888,2015,21,
5,Burfitt,Reuven,U,,"BURFITT, REUVEN U ",11/15/2001,31480,558-05-0451,2015,25,
6,Watkiss,Shermie,Z,,"WATKISS, SHERMIE Z ",10/25/2001,98226,329-60-5260,2021,17,
7,Taillant,Morlee,C,,"TAILLANT, MORLEE C ",08/08/2009,66556,852-89-2414,2021,25,
8,Darker,Sibyl,L,,"DARKER, SIBYL L ",10/03/1993,21458,611-02-6140,2017,12,
9,Massard,Wesley,C,,"MASSARD, WESLEY C ",05/08/1996,54269,693-89-1168,2015,11,
10,Holdall,Francisco,G,,"HOLDALL, FRANCISCO G ",07/11/2011,66990,536-42-5088,2019,15,
11,Sellner,Eldredge,E,,"SELLNER, ELDREDGE E ",05/05/1998,92534,357-02-4229,2019,18,
12,De Biasio,Nicolai,B,,"DE BIASIO, NICOLAI B ",05/01/2015,04412,543-62-6416,2018,23,
13,Sharpe,Tedie,Y,II,"SHARPE, TEDIE Y II",01/09/2009,58742,290-37-8138,2021,12,
14,Retallack,Neill,H,,"RETALLACK, NEILL H ",05/01/2008,90949,588-43-7357,2019,11,
15,Fothergill,Tony,Q,,"FOTHERGILL, TONY Q ",09/03/2019,34423,490-22-0806,2020,24,
16,Duetschens,Wilmer,Q,,"DUETSCHENS, WILMER Q ",12/09/2017,88193,664-39-8303,2019,25,
17,Sommerville,Avram,W,,"SOMMERVILLE, AVRAM W ",07/24/2004,66718,821-07-0053,2016,12,
18,Lethlay,Gareth,G,,"LETHLAY, GARETH G ",01/30/2002,87371,348-80-4222,2020,25,
19,Pennyman,Maurie,O,,"PENNYMAN, MAURIE O ",06/06/2003,08440,642-69-9497,2021,20,
20,Sutcliff,Loy,Z,,"SUTCLIFF, LOY Z ",07/05/2004,76050,897-37-7769,2015,17,
21,Romayn,Shelton,X,,"ROMAYN, SHELTON X ",10/04/2001,24280,762-67-8050,2019,23,
22,Arrighi,Richardo,M,,"ARRIGHI, RICHARDO M ",03/10/2005,24889,339-85-6269,2016,24,201624
23,Patchett,Morlee,V,,"PATCHETT, MORLEE V ",06/12/1999,01665,519-27-8942,2017,22,
24,Greenside,Levy,K,,"GREENSIDE, LEVY K ",11/11/2017,07971,311-40-7363,2020,22,
25,Cockayne,Brig,Q,,"COCKAYNE, BRIG Q ",07/18/2002,48238,601-19-5805,2018,20,
26,Sibbson,Owen,Z,,"SIBBSON, OWEN Z ",08/25/1996,23338,261-54-2343,2016,13,201613
27,Lafrentz,Brock,S,II,"LAFRENTZ, BROCK S II",10/31/2008,82129,578-99-0229,2017,10,
28,Fawdrey,Haily,T,,"FAWDREY, HAILY T ",07/16/2015,45720,777-41-8680,2015,18,
29,Vousden,Terrel,U,,"VOUSDEN, TERREL U ",10/23/2003,21443,529-27-6356,2020,18,
30,Iacavone,Ingram,J,,"IACAVONE, INGRAM J ",06/16/1994,15916,150-95-6936,2016,12,
31,Rowcastle,Dwayne,P,,"ROWCASTLE, DWAYNE P ",06/20/2007,33939,794-38-6796,2017,15,
32,Blomfield,Lazarus,L,,"BLOMFIELD, LAZARUS L ",04/15/2011,56731,141-42-8394,2016,11,
33,Godley,Edan,O,,"GODLEY, EDAN O ",12/01/2005,95528,200-28-7833,2020,16,
34,Kealey,Baird,F,,"KEALEY, BAIRD F ",10/19/2003,71203,117-88-3163,2021,21,
35,Duly,Tulley,J,,"DULY, TULLEY J ",11/18/2007,38135,327-24-7278,2018,11,201811
36,Dymick,Keene,N,,"DYMICK, KEENE N ",03/16/2001,74565,642-29-1502,2016,11,201611
37,Lowndsbrough,Elsworth,U,,"LOWNDSBROUGH, ELSWORTH U ",02/08/2014,24343,482-09-4020,2015,19,
38,Jeppensen,Slade,Y,,"JEPPENSEN, SLADE Y ",03/11/2010,55377,193-78-3683,2017,21,201721
39,Archambault,Porty,I,,"ARCHAMBAULT, PORTY I ",01/09/2017,21318,775-13-5668,2018,16,201816
40,Thyer,Judas,C,,"THYER, JUDAS C ",06/15/2019,17178,130-27-1923,2021,12,
41,Bedson,Jereme,X,,"BEDSON, JEREME X ",03/02/2019,68910,878-90-3585,2020,18,202018
42,Kreuzer,Cyril,H,,"KREUZER, CYRIL H ",02/11/2011,58933,530-37-5501,2018,23,
43,Veale,Haze,P,,"VEALE, HAZE P ",09/09/1994,93578,484-15-6725,2016,15,
44,Barnes,Randal,V,,"BARNES, RANDAL V ",08/07/1997,80477,140-61-3439,2015,24,
45,Prazer,Ignaz,A,,"PRAZER, IGNAZ A ",08/20/2001,73585,788-22-1933,2015,17,
46,McLese,Desi,X,,"MCLESE, DESI X ",05/14/2013,47638,198-39-3291,2015,15,
47,Ailsbury,Jasen,V,,"AILSBURY, JASEN V ",08/27/1998,98361,473-41-5702,2019,12,
48,Scrange,Selig,G,II,"SCRANGE, SELIG G II",03/13/2007,29229,763-16-8718,2020,12,
49,Gosby,Konrad,Q,,"GOSBY, KONRAD Q ",07/04/2013,09395,848-55-3594,2020,17,
50,Eric,Wilfred,M,,"ERIC, WILFRED M ",05/18/1994,85317,396-23-2949,2018,17,
51,Kibble,Erasmus,T,,"KIBBLE, ERASMUS T ",04/15/2007,21534,583-61-0804,2016,23,
52,Gow,Ambrosio,S,IV,"GOW, AMBROSIO S IV",02/17/2012,06204,198-35-4115,2016,24,
53,Starsmore,Langsdon,T,,"STARSMORE, LANGSDON T ",04/22/1993,73799,365-80-8430,2016,16,
54,Cheese,Yanaton,F,,"CHEESE, YANATON F ",07/03/1997,89760,368-60-5536,2017,18,
55,Bolles,Lamont,A,,"BOLLES, LAMONT A ",03/08/1999,77209,605-94-2827,2020,21,202021
56,Elmhirst,Broddie,G,,"ELMHIRST, BRODDIE G ",10/07/2000,48352,816-62-0444,2019,25,
57,Passingham,Farrel,R,,"PASSINGHAM, FARREL R ",11/30/2000,45295,635-36-0689,2017,23,
58,Osban,Dionysus,Y,,"OSBAN, DIONYSUS Y ",11/03/2003,28622,308-59-2512,2016,18,
59,De Cristofalo,Jasun,K,,"DE CRISTOFALO, JASUN K ",06/23/2000,89809,628-65-5793,2019,18,
60,Skeldon,Rutledge,R,,"SKELDON, RUTLEDGE R ",06/17/2005,29245,885-67-3783,2021,19,
61,Ahrens,Lenard,C,,"AHRENS, LENARD C ",06/19/1995,81926,799-81-8219,2020,20,
62,Christley,Hale,L,,"CHRISTLEY, HALE L ",08/30/2016,88005,804-73-2501,2021,11,
63,Breffit,Pebrook,X,,"BREFFIT, PEBROOK X ",09/15/2012,82156,756-90-4672,2017,18,201718
64,O'Mohun,Vaughn,F,,"O'MOHUN, VAUGHN F ",07/28/2009,95120,300-94-6358,2015,12,
65,Elderidge,Bram,Q,,"ELDERIDGE, BRAM Q ",07/06/2012,57479,484-63-9899,2018,22,
66,Caldeyroux,Berke,H,,"CALDEYROUX, BERKE H ",08/25/1998,49651,101-15-9638,2015,12,
67,Domegan,Friedrick,B,,"DOMEGAN, FRIEDRICK B ",10/24/2003,98895,276-41-9840,2017,18,
68,Coppenhall,Isa,A,,"COPPENHALL, ISA A ",02/12/2017,62553,791-29-1506,2021,13,202113
69,Hamal,Zed,C,,"HAMAL, ZED C ",11/22/2014,41737,470-36-2448,2020,20,
70,Wheatley,Bogart,Y,,"WHEATLEY, BOGART Y ",06/19/1998,69182,770-06-3417,2016,23,
71,Menhenitt,Aguistin,Y,,"MENHENITT, AGUISTIN Y ",06/04/2009,90406,705-27-3546,2020,19,
72,Cokly,Denver,C,,"COKLY, DENVER C ",02/12/2001,42658,239-60-3466,2015,15,
73,Baigrie,Donavon,P,,"BAIGRIE, DONAVON P ",06/13/2016,63150,662-54-1979,2015,23,
74,Sybe,Elden,F,,"SYBE, ELDEN F ",07/30/1995,51776,856-53-0316,2019,22,
75,Benettelli,Thurstan,Q,,"BENETTELLI, THURSTAN Q ",05/12/1997,35725,246-51-9311,2016,25,
76,Bartelet,Hermie,T,,"BARTELET, HERMIE T ",07/19/1997,87228,459-76-1656,2019,16,
77,Metham,Kristofer,B,,"METHAM, KRISTOFER B ",06/04/2005,11434,872-22-6516,2016,13,201613
78,Debnam,Rolland,R,,"DEBNAM, ROLLAND R ",08/08/1998,18517,702-42-8902,2018,11,
79,Hauxby,Thaxter,F,Sr,"HAUXBY, THAXTER F SR",11/20/1994,06801,191-19-5488,2020,16,202016
80,Bratch,Dewey,J,,"BRATCH, DEWEY J ",10/21/2007,76341,769-31-3206,2020,17,
81,Spyer,Seward,S,,"SPYER, SEWARD S ",10/08/2004,98724,806-96-1909,2017,25,
82,Sevin,Mateo,O,,"SEVIN, MATEO O ",12/27/2013,24034,614-24-3572,2018,24,
83,Tippett,Son,Y,,"TIPPETT, SON Y ",04/07/2008,78592,133-11-2592,2020,13,
84,Egre,Kristopher,M,,"EGRE, KRISTOPHER M ",10/16/1995,94337,745-45-9658,2021,10,
85,Banaszewski,Alister,R,,"BANASZEWSKI, ALISTER R ",08/08/2014,98208,837-11-8740,2016,16,
86,Glossup,Judah,C,,"GLOSSUP, JUDAH C ",01/20/2011,93618,698-22-5226,2018,23,
87,Eginton,Taylor,Y,,"EGINTON, TAYLOR Y ",06/08/1998,42511,494-30-4631,2017,11,
88,Donnellan,Ruprecht,D,,"DONNELLAN, RUPRECHT D ",08/03/2001,95979,716-26-5340,2018,25,201825
89,Heeran,Mack,S,,"HEERAN, MACK S ",02/07/2002,03114,302-76-6048,2016,21,201621
90,Ragles,Abner,L,,"RAGLES, ABNER L ",06/19/1999,68850,375-24-8448,2018,15,
91,Rowter,Felipe,N,III,"ROWTER, FELIPE N III",05/22/2001,62898,319-53-8453,2017,12,
92,Kubera,Arnoldo,E,,"KUBERA, ARNOLDO E ",11/18/1997,20583,351-67-6758,2021,20,
93,Doust,Gal,U,,"DOUST, GAL U ",05/19/1996,73767,800-51-6275,2020,24,
94,Simpole,Ambrose,X,,"SIMPOLE, AMBROSE X ",07/14/2009,57926,207-08-7802,2021,21,
95,Strelitzer,Archambault,O,,"STRELITZER, ARCHAMBAULT O ",05/05/1995,67480,450-27-6506,2021,17,
96,Gemnett,Sam,M,,"GEMNETT, SAM M ",10/29/2008,17146,341-85-7215,2015,13,
97,Johansen,Lev,M,,"JOHANSEN, LEV M ",01/22/2011,29925,685-77-8534,2020,14,
98,Czaple,Cazzie,K,,"CZAPLE, CAZZIE K ",04/25/2014,65650,477-26-6145,2020,23,
99,Utley,Reilly,Q,,"UTLEY, REILLY Q ",10/18/2013,90238,218-98-6943,2017,22,
100,Bisgrove,Anatole,C,,"BISGROVE, ANATOLE C ",08/23/2004,33613,419-23-2451,2019,19,
101,June,Marc,A,,"JUNE, MARC A ",02/20/2012,26547,275-06-6285,2019,17,
102,Houlison,Gordan,D,,"HOULISON, GORDAN D ",08/08/1994,26359,800-16-7392,2016,25,201625
103,Shalloo,Hagen,B,,"SHALLOO, HAGEN B ",06/16/1996,59010,224-15-2491,2017,13,
104,Bugs,Bayard,L,,"BUGS, BAYARD L ",04/18/2019,98335,503-85-8343,2021,10,
105,Cluley,Otho,Z,,"CLULEY, OTHO Z ",08/28/2019,02526,573-34-9946,2015,10,201510
106,Longfellow,Beniamino,B,,"LONGFELLOW, BENIAMINO B ",08/01/2008,51679,675-61-7844,2016,11,
107,McMorran,Stanislaw,M,,"MCMORRAN, STANISLAW M ",11/05/1994,99202,838-90-1135,2019,10,
108,McNeillie,Theodoric,G,,"MCNEILLIE, THEODORIC G ",12/15/2012,88070,857-26-3446,2016,18,201618
109,Gimenez,Burk,Y,,"GIMENEZ, BURK Y ",07/20/1998,32821,503-98-1716,2015,21,
110,Nardoni,Goraud,Y,,"NARDONI, GORAUD Y ",03/07/1994,56343,335-42-8518,2017,18,
111,Caught,Ebenezer,O,,"CAUGHT, EBENEZER O ",06/17/2002,22210,494-96-3448,2015,11,
112,Spinelli,Robers,C,,"SPINELLI, ROBERS C ",09/21/2006,00339,793-65-7118,2019,20,
113,Poles,Drugi,S,,"POLES, DRUGI S ",01/15/2004,28077,566-60-7371,2015,19,
114,Mycroft,Dimitri,I,,"MYCROFT, DIMITRI I ",01/28/2018,97820,784-51-7767,2021,23,
115,Heersma,Hervey,N,,"HEERSMA, HERVEY N ",05/30/2001,15792,164-65-9346,2021,12,
116,Andryszczak,Milty,Y,,"ANDRYSZCZAK, MILTY Y ",04/30/1997,77440,264-18-1177,2019,18,
117,Kettridge,Jessie,E,,"KETTRIDGE, JESSIE E ",11/15/2001,08254,560-37-2957,2017,12,
118,Habbershon,Conan,U,,"HABBERSHON, CONAN U ",07/15/2004,40736,581-81-7670,2019,11,
119,Nucci,Zebedee,N,,"NUCCI, ZEBEDEE N ",05/01/2012,78021,609-56-2958,2019,23,
120,Portinari,Patrizio,E,,"PORTINARI, PATRIZIO E ",08/31/1996,18210,574-17-7166,2020,22,202022
121,Beernaert,Baxie,V,,"BEERNAERT, BAXIE V ",03/23/1995,43902,402-86-2838,2016,17,201617
122,Fleisch,Scotti,O,,"FLEISCH, SCOTTI O ",09/21/2015,77947,604-82-0398,2021,18,
123,Curee,Farris,J,,"CUREE, FARRIS J ",02/19/1995,39436,103-62-5887,2019,17,
124,Dipple,Antoni,I,,"DIPPLE, ANTONI I ",05/13/2002,55190,596-77-0375,2020,25,
125,Beeby,Earvin,N,,"BEEBY, EARVIN N ",11/26/2003,54237,475-95-1516,2018,20,
126,Osbourne,Land,T,,"OSBOURNE, LAND T ",10/19/2014,39332,633-40-1817,2017,24,
127,Domerq,Northrop,C,,"DOMERQ, NORTHROP C ",03/18/2019,33497,422-97-5706,2019,22,
128,Phillip,Hamnet,D,III,"PHILLIP, HAMNET D III",01/07/2005,84127,239-47-3924,2019,18,201918
129,Moscone,Jeffrey,P,,"MOSCONE, JEFFREY P ",12/01/2014,09441,740-06-9111,2018,15,
130,Beardsdale,Taylor,W,,"BEARDSDALE, TAYLOR W ",02/24/2009,08112,231-48-2181,2019,10,
131,Davidson,Pierre,B,,"DAVIDSON, PIERRE B ",09/05/2016,65391,143-35-2564,2021,25,
132,Raitie,Timofei,U,,"RAITIE, TIMOFEI U ",03/30/2015,67379,479-81-6563,2020,15,202015
133,Rymer,Justino,M,,"RYMER, JUSTINO M ",12/02/2001,48035,245-44-5265,2020,23,
134,Phetteplace,Frederigo,H,,"PHETTEPLACE, FREDERIGO H ",03/08/1995,33208,674-14-3209,2019,23,
135,Bowen,Janos,Y,,"BOWEN, JANOS Y ",01/24/2005,25615,259-14-0179,2016,20,
136,Caudrey,Cyrus,J,,"CAUDREY, CYRUS J ",02/02/2019,83757,365-76-6377,2019,22,201922
137,Allenson,Kelbee,Z,,"ALLENSON, KELBEE Z ",05/16/1993,88400,348-37-6188,2016,22,
138,Blaine,Rance,R,,"BLAINE, RANCE R ",11/09/2019,97283,148-43-1691,2015,15,
139,Paydon,Moise,S,,"PAYDON, MOISE S ",11/03/2018,73299,544-16-8302,2016,20,
140,McInnerny,Link,C,,"MCINNERNY, LINK C ",10/16/2013,74152,443-87-9960,2018,23,
141,Gilfoyle,Gordy,L,,"GILFOYLE, GORDY L ",12/18/2013,39843,270-23-7952,2021,22,
142,Coughtrey,Griz,G,,"COUGHTREY, GRIZ G ",09/17/1996,97498,276-57-7556,2021,25,
143,Kill,Fabio,U,,"KILL, FABIO U ",04/19/2008,29149,834-58-2877,2018,22,
144,Pisculli,Morley,W,,"PISCULLI, MORLEY W ",01/26/2013,00248,184-28-7350,2015,12,
145,Thrush,Tobe,N,,"THRUSH, TOBE N ",11/06/2010,13722,101-11-1793,2018,18,
146,Nevett,Octavius,K,,"NEVETT, OCTAVIUS K ",11/26/2016,56154,847-43-2670,2016,19,201619
147,Lancetter,Grace,Y,,"LANCETTER, GRACE Y ",08/10/1998,43725,680-63-0079,2017,25,
148,Simmings,Winslow,V,,"SIMMINGS, WINSLOW V ",12/26/2002,37878,762-08-1045,2020,20,
149,Lightbown,Caddric,J,,"LIGHTBOWN, CADDRIC J ",09/14/2005,10651,736-38-1029,2021,22,
150,Bradburn,Glendon,Q,,"BRADBURN, GLENDON Q ",11/07/1996,82309,457-04-4974,2021,25,
151,Jayne,Dev,N,,"JAYNE, DEV N ",09/19/1995,74714,616-25-5813,2016,17,
152,Ault,Felic,G,,"AULT, FELIC G ",07/24/2001,11905,776-92-2083,2021,18,
153,Daish,Phillip,M,,"DAISH, PHILLIP M ",12/30/2004,90140,696-81-6046,2018,24,
154,Spruce,Hagan,T,IV,"SPRUCE, HAGAN T IV",01/22/2006,86707,633-96-8750,2018,14,
155,Bucklan,Galven,O,,"BUCKLAN, GALVEN O ",01/13/2009,82229,118-14-6689,2016,21,
156,Ferrelli,Kimbell,C,,"FERRELLI, KIMBELL C ",02/07/2003,43385,763-12-7722,2016,18,
157,Woliter,Randolph,M,,"WOLITER, RANDOLPH M ",01/20/1997,71823,611-33-3097,2017,15,
158,Tuck,Archibaldo,A,,"TUCK, ARCHIBALDO A ",07/07/1997,70151,772-10-5699,2018,25,
159,Linkleter,Carlyle,J,,"LINKLETER, CARLYLE J ",09/11/2005,44037,516-45-5141,2019,21,
160,Paike,Bord,F,,"PAIKE, BORD F ",02/17/1999,16064,771-64-6442,2019,17,
161,Lacheze,Wesley,I,,"LACHEZE, WESLEY I ",06/17/2010,83823,167-47-9049,2015,12,
162,Olliar,Tremaine,C,,"OLLIAR, TREMAINE C ",12/19/1997,93063,812-99-8928,2015,24,
163,Dyte,Ezequiel,I,,"DYTE, EZEQUIEL I ",07/02/1998,93087,705-51-6591,2020,20,
164,Braisby,Othello,X,,"BRAISBY, OTHELLO X ",12/13/2000,93355,171-76-2796,2017,10,201710
165,Baiss,Hobie,R,,"BAISS, HOBIE R ",04/23/2004,57651,444-38-9785,2021,25,
166,Dinnis,Wang,C,,"DINNIS, WANG C ",12/20/1998,02763,555-72-9847,2019,22,
167,Deaton,Moss,V,,"DEATON, MOSS V ",10/22/2011,43978,833-31-3915,2021,16,
168,Bloomer,Osmund,T,,"BLOOMER, OSMUND T ",08/13/1996,71312,419-76-9839,2019,10,201910
169,Northage,Archer,C,,"NORTHAGE, ARCHER C ",11/23/1995,68097,404-10-7747,2021,24,
170,Owenson,Inness,W,,"OWENSON, INNESS W ",02/22/2004,88933,296-28-7829,2018,22,
171,Olliffe,Michel,Y,,"OLLIFFE, MICHEL Y ",06/16/1998,96788,215-88-2237,2019,20,
172,Wrench,Rriocard,J,,"WRENCH, RRIOCARD J ",05/16/2018,64274,562-94-4681,2021,13,
173,Raffan,Benedict,N,,"RAFFAN, BENEDICT N ",03/16/2018,99596,809-89-6237,2017,17,201717
174,Farrear,Derrik,S,,"FARREAR, DERRIK S ",08/03/1994,98125,363-16-7802,2016,13,
175,Stanhope,Shane,Z,,"STANHOPE, SHANE Z ",05/24/2018,84529,243-72-5900,2020,20,
176,Roch,Reg,L,,"ROCH, REG L ",12/25/1995,45851,280-97-9569,2019,18,
177,Vere,Em,T,,"VERE, EM T ",07/09/2004,26692,365-88-8322,2017,18,
178,Blaske,Fitz,C,,"BLASKE, FITZ C ",08/12/2017,37746,168-07-5750,2016,21,
179,Lamcken,Allard,Y,,"LAMCKEN, ALLARD Y ",10/07/1997,16948,859-88-7717,2021,14,202114
180,Doey,Stefan,T,,"DOEY, STEFAN T ",09/05/2016,52236,596-10-9239,2018,14,
181,Hudel,Chaunce,X,,"HUDEL, CHAUNCE X ",05/10/2005,47211,278-54-3941,2017,15,
182,Bowich,Nat,R,,"BOWICH, NAT R ",01/11/2014,11217,434-25-8346,2016,20,
183,Samson,Travis,H,,"SAMSON, TRAVIS H ",03/23/2006,69513,133-89-4103,2017,24,
184,Glayzer,Emanuel,T,,"GLAYZER, EMANUEL T ",03/11/2015,60119,864-94-9366,2016,25,
185,Antoszewski,Archambault,J,,"ANTOSZEWSKI, ARCHAMBAULT J ",08/31/2003,51353,589-71-7605,2020,21,
186,Gouldsmith,Delano,B,,"GOULDSMITH, DELANO B ",10/31/2012,39243,817-27-8917,2016,25,
187,Cochran,Siward,N,,"COCHRAN, SIWARD N ",08/18/2005,18918,116-98-0670,2016,17,
188,McClunaghan,Hendrick,J,,"MCCLUNAGHAN, HENDRICK J ",01/10/2009,75865,634-36-2187,2020,25,202025
189,Farquar,Maxwell,Y,,"FARQUAR, MAXWELL Y ",04/15/2008,99368,514-14-3585,2018,16,
190,Grandisson,Zaccaria,H,,"GRANDISSON, ZACCARIA H ",06/02/2005,96201,132-70-9438,2021,19,202119
191,Hardes,Blake,P,,"HARDES, BLAKE P ",03/10/2009,69285,235-80-3541,2018,25,
192,Crosen,Jeddy,J,,"CROSEN, JEDDY J ",05/09/2017,89987,725-58-7254,2015,16,
193,Pankhurst.,Norbie,D,,"PANKHURST., NORBIE D ",06/23/2006,47670,268-15-1452,2018,20,
194,Tinklin,Willard,N,,"TINKLIN, WILLARD N ",10/13/1993,86525,219-20-0560,2020,18,
195,Gervaise,Doug,F,,"GERVAISE, DOUG F ",08/13/2002,90730,649-28-3480,2016,12,
196,Edmett,Shelden,R,,"EDMETT, SHELDEN R ",11/24/2010,42022,601-29-3302,2016,23,
197,Hazley,Sanderson,M,,"HAZLEY, SANDERSON M ",08/10/2010,88509,775-74-3832,2021,19,
198,Dudden,Huntley,X,,"DUDDEN, HUNTLEY X ",11/23/2015,16219,861-39-8717,2017,24,
199,Glendining,Terri,C,IV,"GLENDINING, TERRI C IV",11/26/2013,99167,872-12-3002,2020,19,202019
200,Cauderlie,Cordell,V,,"CAUDERLIE, CORDELL V ",09/11/1994,28313,685-67-1193,2021,15,
201,Hiom,Roderigo,U,,"HIOM, RODERIGO U ",01/12/2009,41532,705-58-9607,2015,15,
202,Guerra,Jasper,Y,,"GUERRA, JASPER Y ",05/29/2000,20489,424-18-9319,2019,18,
203,Pietzner,Moore,I,,"PIETZNER, MOORE I ",10/07/2019,53858,384-56-5813,2015,12,
204,Berceros,Kelvin,V,,"BERCEROS, KELVIN V ",03/27/2004,99085,680-42-8298,2018,14,
205,Bonicelli,Zebulen,K,,"BONICELLI, ZEBULEN K ",03/12/2004,41309,104-36-4183,2017,16,201716
206,Ride,Hallsy,N,,"RIDE, HALLSY N ",08/05/1996,99721,149-69-3626,2020,18,
207,Bisgrove,Gavin,R,,"BISGROVE, GAVIN R ",07/15/2012,14344,240-34-9687,2016,22,
208,Henderson,Byron,Q,,"HENDERSON, BYRON Q ",06/17/1993,08303,440-47-6782,2018,13,201813
209,Sephton,Ollie,L,,"SEPHTON, OLLIE L ",08/13/2002,54469,868-63-8379,2016,16,
210,Chiswell,Jerome,M,,"CHISWELL, JEROME M ",05/27/2000,19286,594-81-5731,2019,12,
211,Eim,Elliott,D,,"EIM, ELLIOTT D ",01/19/1994,09998,441-14-6935,2016,25,
212,Prothero,Leonhard,F,,"PROTHERO, LEONHARD F ",11/07/2007,81156,310-36-5879,2020,24,202024
213,Pady,Brig,A,,"PADY, BRIG A ",10/19/2014,10482,885-30-6133,2015,24,
214,Fairney,Conant,W,,"FAIRNEY, CONANT W ",06/16/2003,05895,401-77-8819,2020,24,
215,Reville,Iain,V,,"REVILLE, IAIN V ",02/12/2009,32826,459-30-4840,2018,13,201813
216,Denton,Free,R,,"DENTON, FREE R ",10/10/2012,58823,545-80-0411,2015,16,
217,Meese,Ash,E,,"MEESE, ASH E ",11/19/2005,16951,204-47-6072,2017,22,
218,Fogg,Emmerich,M,,"FOGG, EMMERICH M ",01/28/2017,68923,257-49-6761,2016,19,201619
219,Parley,Euell,T,,"PARLEY, EUELL T ",03/24/2013,33117,752-55-4167,2017,14,
220,Attreed,Donovan,H,,"ATTREED, DONOVAN H ",07/10/2016,02441,530-22-0010,2020,15,
221,Dosdell,Emilio,Y,,"DOSDELL, EMILIO Y ",08/28/2014,19577,879-93-4365,2017,10,
222,Huband,Reece,J,III,"HUBAND, REECE J III",05/02/2003,04425,526-31-7330,2015,13,
223,McCudden,Morlee,N,,"MCCUDDEN, MORLEE N ",01/27/2002,13828,497-05-9791,2015,14,
224,Goodlife,Sammie,K,,"GOODLIFE, SAMMIE K ",09/05/2001,95661,279-13-2380,2021,14,
225,Bordessa,Clerc,P,,"BORDESSA, CLERC P ",05/12/2005,26153,478-71-0030,2021,21,
226,Alliband,Rufus,P,,"ALLIBAND, RUFUS P ",11/28/1994,20284,397-49-3524,2020,21,202021
227,Ganiford,Traver,J,,"GANIFORD, TRAVER J ",09/29/2018,28675,599-89-4087,2019,25,
228,Dunley,Conney,W,,"DUNLEY, CONNEY W ",08/20/2015,04607,158-41-0062,2016,16,
229,Frede,Maddie,J,,"FREDE, MADDIE J ",07/30/2008,85972,187-68-9848,2017,11,
230,Junkison,Jens,N,,"JUNKISON, JENS N ",05/21/1997,10199,385-33-3968,2018,23,
231,Brunke,Berkie,N,,"BRUNKE, BERKIE N ",05/02/2007,41211,695-15-1468,2021,25,
232,King,Chucho,A,,"KING, CHUCHO A ",12/10/2000,17880,254-63-1910,2021,19,
233,Weiser,Corey,L,,"WEISER, COREY L ",02/18/2015,62453,335-56-1791,2015,16,
234,Muffitt,Gawain,P,,"MUFFITT, GAWAIN P ",03/26/2009,60766,205-50-3828,2020,14,
235,Campo,Vinson,M,,"CAMPO, VINSON M ",11/14/2015,05041,670-36-2098,2018,18,201818
236,Duester,Luigi,N,,"DUESTER, LUIGI N ",11/01/2006,15185,694-32-9339,2021,22,
237,Goschalk,Ty,Y,II,"GOSCHALK, TY Y II",06/29/2019,46552,896-27-0781,2015,16,
238,Pallister,Ode,B,,"PALLISTER, ODE B ",12/22/2015,34573,828-48-1233,2018,15,
239,Dongles,Vincenz,J,,"DONGLES, VINCENZ J ",09/07/2013,99383,714-47-0831,2016,23,
240,Halpine,Nickolai,I,,"HALPINE, NICKOLAI I ",05/31/2001,25996,208-89-5427,2018,25,
241,Dunseath,Don,D,,"DUNSEATH, DON D ",11/20/2011,90405,273-64-1289,2018,23,
242,Kochl,Web,W,,"KOCHL, WEB W ",12/21/2013,54800,197-30-0044,2019,12,
243,Birkenhead,Israel,N,,"BIRKENHEAD, ISRAEL N ",05/04/2003,06936,236-98-6039,2018,22,
244,Allsopp,Angus,Z,,"ALLSOPP, ANGUS Z ",09/24/1998,50173,643-90-9590,2020,14,
245,O'Criane,Vic,D,,"O'CRIANE, VIC D ",03/15/2002,43419,739-20-9759,2020,11,202011
246,Heimann,Niko,O,,"HEIMANN, NIKO O ",04/24/2013,10850,309-77-0064,2017,25,
247,Andryushin,Marchall,N,,"ANDRYUSHIN, MARCHALL N ",01/08/2014,16398,114-99-8655,2021,18,
248,Perring,Rusty,B,,"PERRING, RUSTY B ",02/17/2002,87953,341-62-9457,2021,20,
249,Joska,Jacobo,B,,"JOSKA, JACOBO B ",07/10/2003,63217,719-81-4801,2021,13,202113
250,Ladel,Humfried,Q,,"LADEL, HUMFRIED Q ",06/24/2012,94927,270-56-2303,2016,18,
251,Drake,Friedrick,X,,"DRAKE, FRIEDRICK X ",05/05/2018,41754,637-90-3167,2020,22,
252,Beckford,Joshuah,I,,"BECKFORD, JOSHUAH I ",10/30/2017,94853,599-18-6417,2019,13,
253,McGinty,Chucho,R,,"MCGINTY, CHUCHO R ",03/08/1997,25345,563-36-5449,2020,12,
254,Kayley,Chrisy,Y,,"KAYLEY, CHRISY Y ",01/08/1997,46432,441-90-0535,2015,14,
255,Paice,Marve,K,,"PAICE, MARVE K ",10/18/2000,50232,403-16-4413,2019,11,
256,Streatfield,Cosimo,C,,"STREATFIELD, COSIMO C ",07/28/2005,57847,139-48-6620,2021,11,
257,Heinritz,Reynolds,U,,"HEINRITZ, REYNOLDS U ",11/29/2016,21126,737-76-0085,2016,17,
258,Gundry,Tabor,U,,"GUNDRY, TABOR U ",03/30/1993,70685,362-78-1980,2015,24,
259,Chamney,Ravi,K,,"CHAMNEY, RAVI K ",08/08/1997,92111,223-20-5815,2018,23,
260,Asp,Taber,W,,"ASP, TABER W ",01/27/1994,42435,897-46-9880,2015,17,
261,Routledge,Vail,Z,,"ROUTLEDGE, VAIL Z ",01/16/2012,37137,373-09-5137,2015,13,
262,Bottinelli,Jere,V,,"BOTTINELLI, JERE V ",11/08/2011,93150,581-72-0620,2018,22,
263,Spencer,Nick,O,,"SPENCER, NICK O ",08/02/2002,60050,134-93-5582,2019,19,
264,Kellegher,Bartholomeo,Z,,"KELLEGHER, BARTHOLOMEO Z ",05/31/2008,01267,556-24-8520,2020,20,
265,Beaulieu,Chevalier,C,,"BEAULIEU, CHEVALIER C ",06/24/2017,01582,296-29-8345,2015,16,
266,Troyes,Tye,L,,"TROYES, TYE L ",01/20/2006,06842,269-67-6847,2019,15,
267,Jeafferson,Nels,V,,"JEAFFERSON, NELS V ",02/21/2000,15028,320-94-9047,2016,19,
268,Pinnigar,Inigo,X,,"PINNIGAR, INIGO X ",04/04/2016,48171,388-09-2510,2015,15,
269,Lapere,Patin,A,III,"LAPERE, PATIN A III",09/22/2002,53642,158-12-1356,2020,25,202025
270,Ledner,Kean,I,,"LEDNER, KEAN I ",03/03/2018,01645,384-28-4212,2020,25,
271,Tesseyman,Judd,N,,"TESSEYMAN, JUDD N ",03/20/1999,54181,133-76-8228,2018,12,
272,Papworth,Zak,P,III,"PAPWORTH, ZAK P III",10/25/1995,68724,105-86-2571,2021,18,
273,Maffiotti,Durante,J,,"MAFFIOTTI, DURANTE J ",09/25/2017,90316,380-64-1384,2021,18,202118
274,Sheryne,Von,R,,"SHERYNE, VON R ",05/14/2019,20591,664-89-7135,2017,23,
275,Sexten,Aube,X,,"SEXTEN, AUBE X ",07/15/2006,74076,117-65-3254,2016,11,
276,O'Mara,Warde,G,,"O'MARA, WARDE G ",01/05/1995,12557,730-86-3434,2019,14,
277,Forsyde,Sherlock,W,,"FORSYDE, SHERLOCK W ",04/03/2007,03235,711-87-6318,2019,25,
278,Kropp,Arnuad,D,,"KROPP, ARNUAD D ",04/30/2009,53589,160-11-3885,2019,24,
279,Castagne,Jedediah,E,,"CASTAGNE, JEDEDIAH E ",07/11/2018,50971,745-59-6219,2019,21,
280,Rubury,Martino,F,,"RUBURY, MARTINO F ",02/18/2017,55081,569-46-2031,2019,16,
281,Tomowicz,Pepillo,C,,"TOMOWICZ, PEPILLO C ",12/26/1992,63585,461-14-5934,2015,19,
282,Bertouloume,Rollie,H,,"BERTOULOUME, ROLLIE H ",01/22/2015,54726,717-13-1006,2020,25,
283,Gallatly,Pembroke,Y,,"GALLATLY, PEMBROKE Y ",07/03/2011,16053,733-14-3445,2018,12,
284,Commings,Ase,N,,"COMMINGS, ASE N ",10/10/1994,34039,252-62-4764,2018,18,
285,Kinnen,Ferd,G,,"KINNEN, FERD G ",02/14/1995,08342,658-22-7696,2021,23,
286,Wickliffe,Fulton,E,,"WICKLIFFE, FULTON E ",11/04/1992,16509,655-42-7567,2021,22,202122
287,Santoro,Nil,F,,"SANTORO, NIL F ",08/20/1995,33152,259-54-7896,2015,13,
288,Phifer,Rossie,W,,"PHIFER, ROSSIE W ",10/03/2011,08322,167-61-7172,2018,10,
289,Paffley,Mayne,S,,"PAFFLEY, MAYNE S ",03/12/2018,15577,172-78-2344,2015,21,
290,Maidens,Sayre,V,,"MAIDENS, SAYRE V ",02/25/2003,73883,131-90-0869,2019,24,
291,Brozsset,Pepillo,X,,"BROZSSET, PEPILLO X ",11/11/2013,97946,732-83-0763,2019,22,
292,L'Homme,Evin,R,Jr,"L'HOMME, EVIN R JR",03/10/2000,95852,469-45-8156,2016,17,
293,Fellenor,Evyn,C,,"FELLENOR, EVYN C ",12/04/2001,96835,456-91-8128,2015,19,
294,Wallice,Abramo,Q,,"WALLICE, ABRAMO Q ",01/15/1997,33429,616-36-4544,2015,15,
295,Barrott,Trueman,I,,"BARROTT, TRUEMAN I ",10/19/2016,43822,522-34-9800,2019,16,
296,Heynen,Obidiah,H,,"HEYNEN, OBIDIAH H ",11/08/1997,13933,126-55-3437,2018,16,
297,Camilleri,Gonzalo,L,,"CAMILLERI, GONZALO L ",05/03/2016,21638,161-52-1837,2015,14,
298,Prentice,Guillermo,J,,"PRENTICE, GUILLERMO J ",11/26/2000,88858,336-77-8819,2021,14,202114
299,Rickaby,Tades,T,,"RICKABY, TADES T ",09/28/2013,91950,852-81-5336,2015,24,
300,De Bruyn,Brigham,P,,"DE BRUYN, BRIGHAM P ",09/15/1997,52944,501-66-0518,2017,17,201717
301,Adriaan,Gil,O,,"ADRIAAN, GIL O ",07/17/1993,94703,361-23-4475,2017,16,201716
302,Gwilliam,Ban,F,,"GWILLIAM, BAN F ",12/25/2002,60525,468-07-3004,2016,22,201622
303,Fluin,Ellery,J,II,"FLUIN, ELLERY J II",04/06/1994,53651,703-01-8677,2021,15,
304,Burgen,Sanders,T,,"BURGEN, SANDERS T ",08/14/1998,90856,131-63-5294,2017,12,
305,Sewter,Bondie,E,,"SEWTER, BONDIE E ",10/12/2016,47364,165-77-5597,2020,13,
306,Leyfield,Jesse,P,,"LEYFIELD, JESSE P ",06/24/2010,69297,405-80-1571,2021,11,
307,Fitch,Irvin,U,,"FITCH, IRVIN U ",11/29/2016,47539,276-52-6337,2021,23,
308,Gifford,Nicko,M,,"GIFFORD, NICKO M ",03/14/1997,37175,557-26-4547,2015,14,
309,de Grey,Gilbert,J,,"DE GREY, GILBERT J ",06/26/2001,19833,149-57-5753,2015,18,
310,Coch,Ezri,P,,"COCH, EZRI P ",05/01/1993,86371,784-81-3790,2016,22,
311,Willets,Garold,S,,"WILLETS, GAROLD S ",04/24/2003,86378,184-01-1395,2018,24,
312,Skipsea,Trenton,M,,"SKIPSEA, TRENTON M ",04/23/2004,48841,877-01-0314,2019,11,
313,Peasgood,Dimitry,X,,"PEASGOOD, DIMITRY X ",03/04/1992,54203,820-81-4373,2016,18,201618
314,Jiru,Vasily,C,,"JIRU, VASILY C ",10/16/2000,66411,791-66-4976,2020,12,
315,Roust,Elisha,Z,,"ROUST, ELISHA Z ",05/12/2004,71780,294-77-9912,2015,20,
316,Vogeler,Cash,Q,,"VOGELER, CASH Q ",06/29/2015,41230,107-65-5393,2016,22,
317,Sheahan,Saxe,E,IV,"SHEAHAN, SAXE E IV",09/15/1993,24782,183-14-2251,2019,24,
318,Joppich,Miguel,K,,"JOPPICH, MIGUEL K ",11/22/2012,30488,324-02-5121,2015,20,
319,Thaxter,Eugenio,X,,"THAXTER, EUGENIO X ",04/01/2003,85308,887-86-1685,2018,11,
320,Jankin,Davidson,H,,"JANKIN, DAVIDSON H ",06/23/1997,59095,383-07-8175,2015,12,
321,Ivasechko,Tracey,I,,"IVASECHKO, TRACEY I ",07/26/1997,51336,682-99-0136,2015,14,
322,Caren,Christopher,C,,"CAREN, CHRISTOPHER C ",01/02/1993,61965,512-08-2741,2017,23,
323,Castagnone,Percival,A,,"CASTAGNONE, PERCIVAL A ",09/16/1998,39935,514-84-2788,2017,18,201718
324,Whitton,Vassily,G,,"WHITTON, VASSILY G ",04/02/2000,62254,390-11-5384,2015,24,201524
325,Ambrosi,Riobard,B,,"AMBROSI, RIOBARD B ",06/24/2006,63598,166-89-5044,2021,13,
326,Whall,Rick,S,,"WHALL, RICK S ",06/30/2001,34224,695-33-4588,2016,10,
327,Iskow,Aubert,E,,"ISKOW, AUBERT E ",07/21/1992,54295,500-24-1804,2019,20,201920
328,Lakenden,Chauncey,M,,"LAKENDEN, CHAUNCEY M ",02/22/2000,63013,281-19-4581,2015,16,
329,Caiger,Angelico,V,,"CAIGER, ANGELICO V ",07/16/2013,52601,259-52-5287,2017,10,
330,Kettlestringe,Ruperto,X,,"KETTLESTRINGE, RUPERTO X ",12/18/2007,53180,865-68-9924,2017,11,
331,Lang,Inglis,A,,"LANG, INGLIS A ",06/21/2015,18454,544-53-3398,2018,16,
332,Vedyasov,Garvy,G,,"VEDYASOV, GARVY G ",05/10/1999,11503,342-53-8323,2016,23,
333,Levicount,Hastie,D,,"LEVICOUNT, HASTIE D ",06/13/1994,35155,892-44-8052,2019,25,201925
334,Gillings,Grange,F,,"GILLINGS, GRANGE F ",06/02/1997,87393,570-44-4049,2017,20,
335,Jerram,Regan,G,,"JERRAM, REGAN G ",12/28/2017,01133,531-86-6970,2021,22,
336,Twede,Killie,V,,"TWEDE, KILLIE V ",03/04/2000,60548,538-57-7571,2018,17,
337,Cahen,Porty,N,Sr,"CAHEN, PORTY N SR",11/26/2006,47585,619-88-3284,2019,21,
338,Jervis,Kean,L,,"JERVIS, KEAN L ",06/30/1996,14236,793-38-0822,2018,24,
339,Eltune,Isiahi,G,,"ELTUNE, ISIAHI G ",09/04/1999,81036,798-14-6820,2015,15,
340,Bowcock,Quincey,N,II,"BOWCOCK, QUINCEY N II",07/17/2002,85115,203-18-3968,2017,18,
341,Wilding,Garwin,C,,"WILDING, GARWIN C ",12/02/2010,80346,152-76-0297,2021,16,
342,Alvarado,Ferdie,M,,"ALVARADO, FERDIE M ",08/01/2009,72853,648-40-8013,2015,14,
343,Outright,Sayres,R,,"OUTRIGHT, SAYRES R ",02/22/2009,25233,619-33-8598,2015,11,
344,Ballinger,Taddeo,D,,"BALLINGER, TADDEO D ",08/26/1999,54747,641-86-0549,2021,10,
345,Elias,Padget,R,,"ELIAS, PADGET R ",06/08/2006,40047,881-82-4771,2015,23,
346,Paradis,Read,G,,"PARADIS, READ G ",05/16/1999,92645,793-28-6053,2020,25,
347,Musico,Galen,V,,"MUSICO, GALEN V ",08/01/2014,28617,130-72-5383,2020,10,
348,Boman,Trip,N,,"BOMAN, TRIP N ",10/23/1992,26197,504-26-5910,2021,19,
349,Antonik,Yvor,E,,"ANTONIK, YVOR E ",11/08/1996,02422,590-61-9775,2021,11,
350,Blaber,Matty,I,,"BLABER, MATTY I ",10/19/2008,97354,438-47-8973,2015,17,
351,Skill,Muhammad,I,,"SKILL, MUHAMMAD I ",04/30/2012,75257,143-58-8136,2015,24,201524
352,Monteath,Donny,L,,"MONTEATH, DONNY L ",10/08/2006,18436,633-37-7793,2021,24,
353,Mecco,Jessey,F,,"MECCO, JESSEY F ",03/28/2011,22929,442-76-7381,2020,24,
354,Booth-Jarvis,Eugen,B,,"BOOTH-JARVIS, EUGEN B ",02/01/1999,89375,102-16-9378,2021,18,202118
355,Jeeks,Frans,Z,,"JEEKS, FRANS Z ",11/03/2010,30335,237-07-4221,2018,23,
356,Hiland,Ryun,C,,"HILAND, RYUN C ",01/27/2008,49064,465-92-0907,2018,25,201825
357,Cheake,Bo,U,,"CHEAKE, BO U ",08/02/1997,23638,245-88-6120,2016,23,
358,Stubbs,Robers,H,,"STUBBS, ROBERS H ",11/09/2016,43690,239-57-3695,2017,20,
359,Roache,Baudoin,C,,"ROACHE, BAUDOIN C ",01/28/1993,83174,211-12-3047,2017,11,
360,Quayle,Farr,Y,,"QUAYLE, FARR Y ",05/26/1992,38665,792-13-3166,2017,21,
361,Folkes,Angelo,S,,"FOLKES, ANGELO S ",04/05/1994,38781,396-91-6336,2017,19,
362,Durand,Janek,M,,"DURAND, JANEK M ",09/19/1992,87644,411-15-6397,2015,18,
363,Djekic,Fraser,B,,"DJEKIC, FRASER B ",06/17/2011,28188,897-03-8273,2018,13,
364,Pickton,Horacio,Y,,"PICKTON, HORACIO Y ",03/21/2005,73372,428-20-0933,2016,10,
365,Burlingame,Mischa,O,,"BURLINGAME, MISCHA O ",12/08/2017,93446,614-36-6986,2017,21,
366,Hearthfield,Cody,N,,"HEARTHFIELD, CODY N ",01/05/2008,22444,542-82-6703,2017,21,
367,Bunker,Ward,V,,"BUNKER, WARD V ",12/04/2015,71010,288-04-7911,2016,17,
368,Rattenberie,Lane,H,,"RATTENBERIE, LANE H ",10/30/2005,73602,105-62-3261,2017,20,
369,Cuthbert,Kalle,O,,"CUTHBERT, KALLE O ",06/23/1998,55729,347-84-8924,2019,24,
370,Gavaran,Tris,F,,"GAVARAN, TRIS F ",11/01/2004,97732,879-31-6789,2017,10,
371,Gudde,Delmore,U,,"GUDDE, DELMORE U ",07/11/2016,29017,790-72-7680,2020,22,
372,Keats,Cortie,J,,"KEATS, CORTIE J ",08/14/1992,60451,211-68-5633,2020,19,
373,Franzman,Jody,E,,"FRANZMAN, JODY E ",06/21/1995,66912,166-26-4587,2015,22,201522
374,Mouget,Rik,D,,"MOUGET, RIK D ",05/23/2001,80800,393-76-3783,2016,18,
375,Weitzel,Andrew,I,,"WEITZEL, ANDREW I ",01/14/2019,93377,625-42-4823,2020,19,
376,Kibby,Lorens,R,,"KIBBY, LORENS R ",02/01/2018,31550,168-42-5630,2016,17,
377,Persitt,Connor,V,,"PERSITT, CONNOR V ",08/15/1998,27192,379-51-7531,2015,22,
378,Gaynesford,Peadar,G,,"GAYNESFORD, PEADAR G ",04/03/2014,73352,151-68-5576,2015,20,201520
379,Daykin,Frankie,B,,"DAYKIN, FRANKIE B ",05/28/2009,11972,467-60-8068,2016,17,201617
380,Stollard,Myrvyn,G,,"STOLLARD, MYRVYN G ",07/30/1998,80789,312-98-6782,2017,16,
381,Delucia,Nollie,N,,"DELUCIA, NOLLIE N ",03/11/2011,51797,862-41-4010,2019,23,
382,Coulsen,Correy,X,,"COULSEN, CORREY X ",02/13/1994,28720,154-47-4400,2020,10,
383,Keunemann,Horst,N,Sr,"KEUNEMANN, HORST N SR",06/23/2014,89192,385-95-6865,2016,20,
384,Mc Ilwrick,Wilbur,Y,,"MC ILWRICK, WILBUR Y ",05/13/1992,00350,408-16-0611,2019,16,201916
385,Bidewel,Dalt,N,,"BIDEWEL, DALT N ",07/05/1993,55847,535-58-1087,2020,24,
386,Teml,Aylmer,H,,"TEML, AYLMER H ",09/04/2012,46376,166-37-3586,2021,22,
387,Salzberg,Tan,Z,,"SALZBERG, TAN Z ",03/12/2001,78877,705-34-9077,2018,24,
388,Breakspear,Sherlocke,G,,"BREAKSPEAR, SHERLOCKE G ",06/04/2012,85989,840-73-8202,2018,22,
389,Munt,Layton,Q,,"MUNT, LAYTON Q ",06/14/2016,95268,160-85-2744,2015,23,
390,Vicent,Avictor,X,,"VICENT, AVICTOR X ",07/31/2016,10754,635-05-7280,2016,16,
391,Sweetnam,Edwin,H,,"SWEETNAM, EDWIN H ",01/16/1996,55782,328-78-3223,2019,11,201911
392,Lawther,Lenci,F,,"LAWTHER, LENCI F ",09/12/2005,73808,642-46-5967,2021,16,
393,Ferry,Karel,J,,"FERRY, KAREL J ",10/30/2000,78001,204-68-3035,2020,25,
394,Simenot,Garry,K,,"SIMENOT, GARRY K ",03/25/1994,15893,285-39-9139,2018,15,
395,Spencook,Daven,N,,"SPENCOOK, DAVEN N ",01/13/2008,52081,420-92-4635,2021,23,
396,Clell,Artair,A,,"CLELL, ARTAIR A ",07/21/1993,25245,444-65-3624,2016,13,
397,Blowin,Basilius,W,,"BLOWIN, BASILIUS W ",07/03/2011,66343,752-20-0896,2018,20,
398,Hapgood,Morly,K,,"HAPGOOD, MORLY K ",01/10/2016,55587,351-32-9240,2015,23,
399,Ghiriardelli,Curcio,V,,"GHIRIARDELLI, CURCIO V ",07/14/2009,88369,741-24-6007,2018,21,
400,Hubble,Kipp,H,,"HUBBLE, KIPP H ",08/04/2007,45752,363-58-8294,2020,24,
401,Sweetenham,Gustavus,J,,"SWEETENHAM, GUSTAVUS J ",09/27/2013,15879,434-35-1947,2017,12,
402,Retter,Lionello,R,,"RETTER, LIONELLO R ",09/20/2012,38738,506-71-5324,2016,22,
403,Gepp,Romain,U,,"GEPP, ROMAIN U ",06/07/2018,35975,326-47-7692,2021,24,
404,Kreuzer,Worthy,N,,"KREUZER, WORTHY N ",02/08/2017,96552,542-50-6857,2015,19,
405,Keers,Hubie,H,,"KEERS, HUBIE H ",04/13/2005,54229,634-27-6923,2015,22,
406,Cuseck,Alex,C,,"CUSECK, ALEX C ",03/11/2016,40972,731-22-7627,2017,14,
407,Sherland,Byrann,V,,"SHERLAND, BYRANN V ",10/06/2000,15393,610-45-2107,2018,18,
408,Matusevich,Claiborne,B,,"MATUSEVICH, CLAIBORNE B ",10/15/2002,49973,214-19-3889,2020,13,
409,Levine,Stuart,S,,"LEVINE, STUART S ",11/23/2017,71427,728-40-4302,2019,10,
410,Vlahos,Trenton,E,,"VLAHOS, TRENTON E ",05/27/2012,10506,510-12-5471,2020,12,
411,Giovanardi,Neil,J,,"GIOVANARDI, NEIL J ",11/09/1993,10857,477-76-7705,2016,17,201617
412,Treleven,Carlos,L,,"TRELEVEN, CARLOS L ",01/27/2008,17683,169-29-3139,2019,20,
413,Spoor,Freedman,W,,"SPOOR, FREEDMAN W ",08/10/1994,24957,653-55-8581,2015,20,
414,Benedick,Grove,A,,"BENEDICK, GROVE A ",07/03/2012,19613,874-98-2855,2020,17,
415,Fayre,Alexandr,Y,,"FAYRE, ALEXANDR Y ",06/04/2009,35789,691-06-8628,2020,22,
416,Demcik,Eugenius,C,III,"DEMCIK, EUGENIUS C III",08/18/2008,27325,753-69-0431,2019,19,
417,Sneden,Ric,O,,"SNEDEN, RIC O ",02/15/2002,71933,204-76-6864,2015,20,
418,Redish,Lambert,P,,"REDISH, LAMBERT P ",11/24/2014,47196,626-22-5122,2015,16,
419,Novotne,Dorian,Q,,"NOVOTNE, DORIAN Q ",11/05/2003,85952,545-15-3539,2021,25,
420,Bodemeaid,Giavani,Z,,"BODEMEAID, GIAVANI Z ",07/17/2009,83802,140-27-8016,2015,20,
421,Avramovic,Jon,A,,"AVRAMOVIC, JON A ",07/15/1997,84150,380-96-4730,2019,16,
422,Cassella,Germaine,W,,"CASSELLA, GERMAINE W ",03/24/2012,70620,303-20-5601,2016,24,201624
423,Thursby,Lamar,N,,"THURSBY, LAMAR N ",05/30/2015,38901,479-59-1915,2019,22,
424,Wort,Udale,H,,"WORT, UDALE H ",12/02/2005,59893,847-74-1866,2016,12,
425,Liddard,Kennith,G,,"LIDDARD, KENNITH G ",03/12/1994,25630,409-80-5029,2015,25,
426,Crawshaw,Carlo,G,III,"CRAWSHAW, CARLO G III",12/22/2001,25553,412-78-9368,2019,20,
427,Smedmoor,Mose,D,,"SMEDMOOR, MOSE D ",10/06/2012,16406,393-28-1302,2017,17,201717
428,Gaitskill,Dermot,Y,,"GAITSKILL, DERMOT Y ",07/15/2016,99389,278-46-4617,2016,22,
429,Larvor,Radcliffe,V,,"LARVOR, RADCLIFFE V ",03/03/2003,22475,417-36-9155,2020,24,202024
430,Mapston,Gerick,H,,"MAPSTON, GERICK H ",03/01/2018,49055,532-29-6380,2015,13,
431,Collingdon,Lamont,O,,"COLLINGDON, LAMONT O ",09/07/2010,19181,872-84-8693,2017,23,
432,Pohl,Freedman,S,,"POHL, FREEDMAN S ",04/07/2011,14598,303-13-4797,2017,22,
433,Ruddiman,Cassius,O,IV,"RUDDIMAN, CASSIUS O IV",06/05/1994,41042,335-33-7396,2015,18,
434,Bibbie,Frasco,C,,"BIBBIE, FRASCO C ",05/10/2002,71147,579-35-3264,2021,24,
435,Lovat,Gian,H,,"LOVAT, GIAN H ",12/01/2013,91623,203-36-5215,2018,14,
436,Lytell,Ogden,A,,"LYTELL, OGDEN A ",04/17/1998,94631,423-19-7445,2016,16,
437,Luipold,Ernestus,N,,"LUIPOLD, ERNESTUS N ",02/11/2014,97436,846-86-1182,2018,18,
438,Blondin,Emelen,N,,"BLONDIN, EMELEN N ",11/11/1996,30572,563-93-0886,2018,22,
439,Dalinder,Milton,V,,"DALINDER, MILTON V ",07/13/2000,15587,326-61-1141,2018,19,201819
440,Massimi,Marlon,Z,,"MASSIMI, MARLON Z ",05/20/2012,62364,879-29-5539,2021,24,202124
441,Castellan,Wendell,P,,"CASTELLAN, WENDELL P ",12/25/2018,01014,624-29-3222,2021,13,
442,Jiggens,Edgardo,L,,"JIGGENS, EDGARDO L ",08/01/2019,15581,100-23-6518,2019,24,
443,Vaudre,Ashlin,D,,"VAUDRE, ASHLIN D ",11/30/2007,34882,687-10-5993,2019,14,
444,Turneux,Ave,O,,"TURNEUX, AVE O ",09/04/1994,10039,573-46-7069,2015,15,201515
445,Stitt,Andrey,X,,"STITT, ANDREY X ",02/16/2001,25745,355-44-8324,2019,20,
446,Crassweller,Read,X,,"CRASSWELLER, READ X ",01/16/2013,82234,876-51-5521,2019,11,
447,Eastam,Gordie,N,,"EASTAM, GORDIE N ",07/02/1999,80155,200-70-8549,2017,12,
448,Summergill,Windham,N,,"SUMMERGILL, WINDHAM N ",11/02/2002,86489,859-19-8147,2017,18,201718
449,Menendez,Boy,E,,"MENENDEZ, BOY E ",07/16/2005,70473,127-95-5012,2020,16,
450,Terrelly,Cesare,N,,"TERRELLY, CESARE N ",07/29/2001,02188,557-31-3561,2017,22,
451,Chell,Everett,X,,"CHELL, EVERETT X ",12/02/1997,95105,449-76-1089,2021,23,202123
452,Aspel,Wakefield,J,,"ASPEL, WAKEFIELD J ",09/20/2012,94051,647-66-5818,2021,17,
453,Winward,Templeton,Q,,"WINWARD, TEMPLETON Q ",10/18/1994,50948,149-32-3259,2017,18,
454,Greenrod,Hugibert,Z,IV,"GREENROD, HUGIBERT Z IV",10/28/2009,89934,599-28-9749,2015,12,
455,Bohlmann,Ryun,A,,"BOHLMANN, RYUN A ",06/21/2019,06016,531-03-7743,2021,15,
456,Woodson,Hasheem,E,,"WOODSON, HASHEEM E ",03/04/2018,31895,118-42-6508,2017,25,
457,Dabs,Mal,Q,,"DABS, MAL Q ",05/17/2006,13266,377-89-5656,2017,19,
458,Davoren,Jeffy,Z,,"DAVOREN, JEFFY Z ",06/24/2019,17749,238-71-6353,2017,22,
459,Miner,Davidde,N,,"MINER, DAVIDDE N ",05/26/2009,10347,801-41-9960,2019,17,
460,Pain,Maxim,B,,"PAIN, MAXIM B ",01/14/2000,88217,173-09-1221,2015,16,201516
461,Arnold,Ephraim,D,,"ARNOLD, EPHRAIM D ",04/04/2019,34538,489-06-7914,2020,23,
462,Ravilus,Franny,T,,"RAVILUS, FRANNY T ",10/21/2006,82462,321-77-2413,2015,22,
463,Daveley,Delaney,F,,"DAVELEY, DELANEY F ",06/16/2014,11136,639-72-6415,2015,18,
464,Gould,Cart,Q,,"GOULD, CART Q ",09/05/1992,91785,184-96-1276,2021,13,202113
465,Perks,Saunderson,I,,"PERKS, SAUNDERSON I ",11/17/2005,84950,685-77-3725,2017,16,
466,Rymell,Alix,E,,"RYMELL, ALIX E ",05/23/2017,06981,865-18-5159,2020,16,202016
467,O'Crotty,Adair,R,,"O'CROTTY, ADAIR R ",04/14/2005,31895,815-66-7346,2016,10,
468,Temlett,Nicholas,F,,"TEMLETT, NICHOLAS F ",12/19/2012,29750,343-47-2469,2016,15,
469,Carous,Banky,N,,"CAROUS, BANKY N ",05/01/2014,82261,829-87-8551,2015,21,
470,Bridal,Tobe,J,,"BRIDAL, TOBE J ",12/06/2012,82422,647-46-8875,2016,16,
471,Dockrill,Maxwell,U,,"DOCKRILL, MAXWELL U ",02/27/2004,55960,744-62-9882,2020,17,
472,Bissett,Ab,D,,"BISSETT, AB D ",12/04/2010,57315,159-34-6817,2015,19,201519
473,Christy,Sloane,X,,"CHRISTY, SLOANE X ",04/27/2019,43425,233-82-4946,2018,14,
474,Brookton,Shelby,H,,"BROOKTON, SHELBY H ",06/23/2018,20507,859-84-2472,2018,22,
475,Theodoris,Noah,O,,"THEODORIS, NOAH O ",08/16/2012,71831,289-64-3373,2021,13,
476,Mulmuray,Garey,Q,,"MULMURAY, GAREY Q ",03/03/2004,05047,837-01-2571,2020,11,202011
477,Addionisio,Emmett,A,,"ADDIONISIO, EMMETT A ",12/01/1993,98964,396-49-2107,2019,22,
478,Tingle,Renato,I,,"TINGLE, RENATO I ",12/21/2011,33226,408-05-8367,2017,25,
479,Eagleston,Parrnell,L,,"EAGLESTON, PARRNELL L ",02/17/1992,83126,149-25-9186,2021,23,
480,MacKilroe,Yale,C,,"MACKILROE, YALE C ",09/11/2002,19068,131-66-8628,2016,17,
481,Lockyer,Nat,X,,"LOCKYER, NAT X ",01/14/2016,40883,534-18-2430,2015,11,
482,Maddison,Inglebert,S,,"MADDISON, INGLEBERT S ",05/09/2003,92788,372-92-3970,2018,14,201814
483,Mengue,Silvano,G,,"MENGUE, SILVANO G ",03/15/2010,72608,399-17-2364,2019,24,
484,Jaime,Lazare,W,,"JAIME, LAZARE W ",11/12/2005,19549,254-22-6321,2021,11,
485,Bruyett,Brade,W,,"BRUYETT, BRADE W ",06/17/2019,34289,585-53-2876,2018,24,
486,Tweed,Kale,U,Jr,"TWEED, KALE U JR",01/13/1998,89121,859-79-1373,2021,11,
487,Newdick,Pyotr,F,,"NEWDICK, PYOTR F ",07/30/2001,97531,299-68-1288,2020,17,
488,Rodrig,Washington,V,,"RODRIG, WASHINGTON V ",04/01/2010,89466,656-72-3425,2020,16,
489,Amphlett,Ulysses,Z,,"AMPHLETT, ULYSSES Z ",02/19/2008,80577,440-20-4156,2021,10,
490,Swindon,Binky,Q,,"SWINDON, BINKY Q ",04/11/2016,10664,363-51-2768,2018,15,
491,Chrispin,Silvan,Z,,"CHRISPIN, SILVAN Z ",03/31/2016,51045,431-58-7913,2018,13,
492,Beiderbecke,Aguie,Y,,"BEIDERBECKE, AGUIE Y ",10/17/2002,32549,264-60-4566,2016,15,
493,Aleksandrikin,Pippo,O,,"ALEKSANDRIKIN, PIPPO O ",07/28/2013,22724,823-85-9183,2021,19,
494,Toseland,Reube,U,,"TOSELAND, REUBE U ",11/24/1994,41197,229-62-2170,2021,14,
495,Widmore,Derrek,N,,"WIDMORE, DERREK N ",09/18/2002,04054,867-80-2259,2015,20,
496,Ridel,Parker,O,,"RIDEL, PARKER O ",08/28/2007,05155,606-28-4039,2017,21,
497,Geratt,Bank,P,,"GERATT, BANK P ",11/22/2002,93873,767-67-6641,2021,22,
498,Cella,Dorian,S,,"CELLA, DORIAN S ",01/29/2012,45920,416-22-2692,2017,20,
499,Gianetti,Giraldo,Q,,"GIANETTI, GIRALDO Q ",04/21/1996,39923,634-93-2835,2016,16,
500,Borman,Joe,D,,"BORMAN, JOE D ",01/10/2000,03133,891-90-6646,2017,18,
501,Clougher,Jeddy,F,,"CLOUGHER, JEDDY F ",10/08/2019,90882,744-65-1181,2015,18,
502,Andrichak,Bartholomew,B,,"ANDRICHAK, BARTHOLOMEW B ",11/16/1999,25362,624-75-4584,2015,11,
503,Perrigo,Hieronymus,E,IV,"PERRIGO, HIERONYMUS E IV",11/30/2015,18519,734-17-6714,2020,12,
504,Whiffin,Cy,Q,,"WHIFFIN, CY Q ",09/13/2018,85657,602-44-4514,2021,21,
505,Pheasey,Filberto,Q,,"PHEASEY, FILBERTO Q ",07/30/2016,80894,191-78-4180,2017,21,201721
506,Osgar,Zacherie,A,,"OSGAR, ZACHERIE A ",08/19/1992,18507,350-86-3748,2016,10,
507,Truman,Chaddy,L,II,"TRUMAN, CHADDY L II",01/05/1998,17182,898-67-3162,2018,14,
508,Durnian,Dagny,V,,"DURNIAN, DAGNY V ",04/29/2004,00466,173-61-1252,2017,12,
509,MacCroary,Maury,A,,"MACCROARY, MAURY A ",07/15/1999,71321,544-15-3018,2020,10,
510,Bernhart,Shurwood,F,,"BERNHART, SHURWOOD F ",09/06/2003,07511,695-57-2256,2017,10,
511,Bowller,Sloane,W,,"BOWLLER, SLOANE W ",01/27/2018,32305,380-07-9753,2020,12,
512,Curtin,Vernon,Z,,"CURTIN, VERNON Z ",08/25/2013,44060,273-02-4990,2017,13,
513,Scown,Greg,V,,"SCOWN, GREG V ",12/01/2011,67326,193-59-9300,2015,21,
514,Lean,Tirrell,M,,"LEAN, TIRRELL M ",09/07/1995,64813,844-79-6219,2021,15,
515,McGreay,Theo,W,,"MCGREAY, THEO W ",09/12/2015,07722,817-60-2921,2017,17,201717
516,Bohlje,Hagan,H,,"BOHLJE, HAGAN H ",09/11/1998,38701,430-30-9444,2017,12,
517,Prynne,Giovanni,W,,"PRYNNE, GIOVANNI W ",01/12/1999,70918,585-05-6220,2016,14,201614
518,Foystone,Shelden,E,,"FOYSTONE, SHELDEN E ",06/25/1998,39731,492-97-7369,2019,14,
519,Gremane,Arturo,G,,"GREMANE, ARTURO G ",06/02/1994,25505,261-67-0775,2015,10,
520,Guterson,Cyrille,B,,"GUTERSON, CYRILLE B ",08/16/2006,41891,141-28-7434,2015,12,
521,Doree,Way,B,,"DOREE, WAY B ",04/26/1999,87849,382-41-2278,2017,13,
522,Awcock,Clyve,J,,"AWCOCK, CLYVE J ",07/15/2011,62136,682-42-3328,2019,17,
523,Bramham,Kelsey,E,,"BRAMHAM, KELSEY E ",08/06/1999,10448,412-94-8716,2021,18,
524,Biernat,Humphrey,P,,"BIERNAT, HUMPHREY P ",02/24/2003,78710,622-72-0605,2015,21,201521
525,Wingeatt,Madison,X,,"WINGEATT, MADISON X ",07/22/2014,00857,713-41-6761,2019,24,
526,Gibbon,Dory,Z,,"GIBBON, DORY Z ",06/24/1999,41428,807-50-5104,2018,24,
527,Kennea,Felizio,T,,"KENNEA, FELIZIO T ",12/29/2007,10061,530-16-9881,2019,22,
528,Trownson,Kimbell,F,,"TROWNSON, KIMBELL F ",04/24/2016,50787,214-67-7259,2020,14,
529,Tesche,Barclay,H,,"TESCHE, BARCLAY H ",06/24/2010,62938,863-81-0680,2020,14,
530,Boothe,Gearard,N,,"BOOTHE, GEARARD N ",09/04/2006,27222,594-68-8843,2021,23,
531,Foystone,Timothee,H,,"FOYSTONE, TIMOTHEE H ",08/30/2017,28241,361-54-9999,2016,12,
532,Cicculini,Hercules,I,,"CICCULINI, HERCULES I ",09/12/2006,80598,475-90-1568,2016,18,
533,Leek,Bartlett,H,,"LEEK, BARTLETT H ",03/21/2002,63949,347-05-1934,2021,21,
534,McCalum,Myca,O,Sr,"MCCALUM, MYCA O SR",11/08/2016,17110,886-44-9018,2015,15,201515
535,Margaret,Moishe,O,,"MARGARET, MOISHE O ",03/05/1996,99724,516-18-0998,2018,13,
536,Staten,Grover,S,,"STATEN, GROVER S ",01/06/2013,45883,283-79-3354,2021,13,
537,Oliff,Freddie,U,,"OLIFF, FREDDIE U ",11/19/2010,77983,733-82-6182,2019,20,
538,Gavigan,Vincents,O,,"GAVIGAN, VINCENTS O ",03/25/2011,96275,334-14-6471,2018,16,201816
539,Yielding,Kevon,Z,,"YIELDING, KEVON Z ",11/28/2018,21285,100-55-3777,2018,25,
540,Haacker,Tammy,O,,"HAACKER, TAMMY O ",01/25/1997,69744,371-13-5443,2015,13,201513
541,Randell,Samson,H,,"RANDELL, SAMSON H ",12/23/2005,16078,731-52-3236,2019,17,
542,Foard,Reinhard,D,,"FOARD, REINHARD D ",05/05/1992,92508,225-02-0781,2021,19,
543,Wedgwood,Tuckie,R,,"WEDGWOOD, TUCKIE R ",05/03/2017,19594,125-16-8726,2020,20,
544,Janes,Emile,U,Jr,"JANES, EMILE U JR",12/31/2017,64683,622-47-3028,2018,22,
545,Etchingham,Ivar,D,,"ETCHINGHAM, IVAR D ",04/21/2007,56415,509-05-1217,2021,10,
546,Wraighte,Boot,Z,,"WRAIGHTE, BOOT Z ",12/04/2007,65335,862-81-8443,2018,11,
547,Dawber,Sergent,G,,"DAWBER, SERGENT G ",11/13/1998,11165,769-48-4784,2016,25,
548,Nardrup,Benedick,K,,"NARDRUP, BENEDICK K ",12/05/1997,46106,877-24-2024,2019,16,
549,Steinson,Hewie,P,,"STEINSON, HEWIE P ",08/11/1994,62304,187-67-5077,2020,25,
550,Troth,Piggy,H,,"TROTH, PIGGY H ",05/07/1993,42339,582-95-1745,2020,14,
551,Gobolos,Ruperto,C,,"GOBOLOS, RUPERTO C ",02/15/2014,93662,353-17-5114,2017,15,
552,Britner,Hughie,V,,"BRITNER, HUGHIE V ",09/16/2011,16913,825-17-6075,2021,22,
553,Dawid,Colby,S,,"DAWID, COLBY S ",07/20/2003,76165,182-35-3520,2021,18,
554,Fritschmann,Jon,C,Jr,"FRITSCHMANN, JON C JR",12/17/2013,23895,482-62-5515,2017,22,
555,Tanner,Donny,A,,"TANNER, DONNY A ",07/21/2004,85927,279-33-2374,2020,10,
556,Foro,Wallie,I,,"FORO, WALLIE I ",02/27/2000,96455,268-84-2217,2016,21,
557,Bockings,Nicholas,I,,"BOCKINGS, NICHOLAS I ",07/08/2011,58331,763-88-3722,2015,21,
558,Galiford,Care,D,,"GALIFORD, CARE D ",01/10/2001,04579,469-42-0232,2020,10,
559,Marden,Redd,R,,"MARDEN, REDD R ",08/31/2018,32926,312-95-0016,2021,22,
560,Jelk,Lukas,F,,"JELK, LUKAS F ",10/14/2019,29986,448-47-8426,2016,22,
561,Duny,Billie,A,,"DUNY, BILLIE A ",01/02/2005,08098,843-29-3383,2020,22,
562,Sinyard,Bartolemo,Y,,"SINYARD, BARTOLEMO Y ",03/14/2009,88266,476-54-9660,2018,14,
563,Pietruschka,Demetri,S,,"PIETRUSCHKA, DEMETRI S ",09/10/2015,75647,161-98-2592,2019,25,201925
564,Peaple,Aurthur,V,,"PEAPLE, AURTHUR V ",08/25/2017,12207,695-09-3960,2015,10,
565,Arnfield,Arney,C,,"ARNFIELD, ARNEY C ",11/06/1996,20545,139-50-3673,2017,18,
566,Climar,Giles,A,,"CLIMAR, GILES A ",08/17/2012,15662,185-82-3416,2017,19,
567,Casillas,Garry,L,,"CASILLAS, GARRY L ",09/10/1998,95136,852-53-1903,2020,12,202012
568,Spoor,Sven,F,,"SPOOR, SVEN F ",09/02/2002,00284,142-46-8813,2016,10,
569,Bayman,Sigismundo,N,,"BAYMAN, SIGISMUNDO N ",03/08/2012,76655,391-33-0296,2016,23,
570,Broomfield,Roderic,T,,"BROOMFIELD, RODERIC T ",10/05/2000,12819,737-27-2422,2017,11,
571,Peregrine,Saleem,A,,"PEREGRINE, SALEEM A ",07/12/2017,17313,654-15-6353,2015,15,
572,Silcox,Theodor,H,Jr,"SILCOX, THEODOR H JR",01/02/2018,32976,378-79-4716,2016,25,201625
573,Chucks,Lucien,W,,"CHUCKS, LUCIEN W ",01/10/2017,71073,136-18-1480,2019,16,
574,Woolaghan,Richy,R,,"WOOLAGHAN, RICHY R ",09/03/2007,39895,135-51-0296,2021,14,
575,Karp,Thorpe,O,,"KARP, THORPE O ",03/06/1993,71352,606-53-2521,2015,25,
576,Punt,Dael,T,,"PUNT, DAEL T ",05/19/1992,02229,596-49-9415,2020,10,
577,Andersch,Herculie,F,,"ANDERSCH, HERCULIE F ",03/10/2015,37996,546-71-0846,2019,24,
578,Powlett,Quinn,I,,"POWLETT, QUINN I ",10/27/2006,44027,576-06-2556,2015,10,
579,McMyler,Cale,Q,,"MCMYLER, CALE Q ",02/21/2015,52814,697-56-1749,2015,10,201510
580,Scrowby,Hewe,N,Jr,"SCROWBY, HEWE N JR",03/14/1994,55750,525-86-8212,2019,19,
581,Treuge,Ozzie,K,,"TREUGE, OZZIE K ",09/05/2001,83413,676-11-1653,2017,14,
582,Bockmaster,Bank,O,Jr,"BOCKMASTER, BANK O JR",10/19/2015,17260,695-73-0278,2019,17,
583,Venables,Griffith,U,,"VENABLES, GRIFFITH U ",07/27/2017,80448,161-69-9053,2017,23,
584,Muress,Pace,S,,"MURESS, PACE S ",12/23/1998,53252,642-02-0477,2019,16,
585,Sline,Georas,A,,"SLINE, GEORAS A ",07/30/2017,10928,683-74-6619,2021,18,
586,Hague,Job,S,,"HAGUE, JOB S ",02/20/2002,30229,566-12-5487,2019,20,
587,House,Eduardo,J,,"HOUSE, EDUARDO J ",07/21/2007,50343,680-84-0341,2017,13,
588,Whife,Knox,V,,"WHIFE, KNOX V ",11/25/2007,43802,605-58-1782,2020,17,
589,Stockill,Rafe,J,,"STOCKILL, RAFE J ",08/22/2000,89546,234-40-6309,2017,18,
590,Conre,Jed,C,,"CONRE, JED C ",12/12/1995,61672,802-09-7786,2016,16,
591,McNeice,Ellery,C,,"MCNEICE, ELLERY C ",07/20/2006,06576,422-33-8021,2021,15,
592,Loveman,Humfrey,A,,"LOVEMAN, HUMFREY A ",02/10/1999,41880,585-21-9703,2018,14,
593,Bronger,Hilly,Z,,"BRONGER, HILLY Z ",06/16/1994,29768,391-03-5639,2018,20,
594,Naughton,Gunner,P,,"NAUGHTON, GUNNER P ",01/06/2002,06798,825-54-8416,2019,21,
595,Habershon,Colman,O,,"HABERSHON, COLMAN O ",02/03/1999,74046,413-54-0508,2021,25,
596,Ghent,Sid,J,,"GHENT, SID J ",10/26/2007,24616,285-80-2075,2019,16,
597,Tille,Leon,U,,"TILLE, LEON U ",12/10/1997,21341,142-41-1941,2015,23,
598,De Normanville,Rosco,D,,"DE NORMANVILLE, ROSCO D ",12/14/1995,73785,461-57-4173,2021,18,
599,Nana,Benedict,Y,,"NANA, BENEDICT Y ",02/08/2006,29767,243-98-5051,2015,17,
600,Klampk,Syd,A,,"KLAMPK, SYD A ",12/23/2011,20411,259-98-3698,2018,22,
601,Capnerhurst,Bowie,X,,"CAPNERHURST, BOWIE X ",07/01/1994,74935,184-73-3015,2016,20,
602,Marthen,Piggy,X,,"MARTHEN, PIGGY X ",05/29/1999,56379,195-65-8014,2020,24,202024
603,Hallihane,Kirk,T,,"HALLIHANE, KIRK T ",12/24/2007,43802,623-57-8900,2016,25,
604,Pleass,Hugh,N,,"PLEASS, HUGH N ",02/06/2015,74257,853-69-9162,2020,17,
605,Brownsmith,Franklin,K,,"BROWNSMITH, FRANKLIN K ",05/23/2007,58436,742-37-3739,2017,10,201710
606,Axton,Aylmar,E,,"AXTON, AYLMAR E ",01/31/2012,59060,125-06-5353,2018,25,
607,Mooring,Jesus,U,,"MOORING, JESUS U ",04/04/1994,75225,859-86-3071,2021,15,
608,Ettels,Nil,Z,,"ETTELS, NIL Z ",02/16/2017,20898,190-80-3911,2019,17,
609,Glanester,Bren,S,,"GLANESTER, BREN S ",04/27/2005,61666,541-50-0492,2019,17,
610,Bentham,Morton,H,,"BENTHAM, MORTON H ",11/05/2000,10345,740-64-6298,2021,18,
611,Josuweit,Augy,D,,"JOSUWEIT, AUGY D ",09/18/1993,23064,883-72-4536,2018,20,
612,Whalebelly,Jeramey,Z,,"WHALEBELLY, JERAMEY Z ",06/02/1993,34590,480-73-6181,2019,13,
613,Seabridge,Kinnie,Z,,"SEABRIDGE, KINNIE Z ",04/23/2015,66685,562-84-4712,2020,25,
614,Thebeau,William,U,,"THEBEAU, WILLIAM U ",10/11/2015,03979,344-59-7933,2021,19,
615,Szimon,Bondy,U,,"SZIMON, BONDY U ",12/06/2006,31360,550-98-6579,2016,21,
616,Halliwell,Melvin,O,,"HALLIWELL, MELVIN O ",01/16/2001,99532,721-31-6843,2021,17,
617,McMechan,Waldemar,F,,"MCMECHAN, WALDEMAR F ",12/01/2019,67427,148-51-1022,2021,20,
618,Karlqvist,Burke,H,,"KARLQVIST, BURKE H ",12/24/2015,44514,460-24-1101,2021,11,
619,Settle,Gaultiero,V,,"SETTLE, GAULTIERO V ",10/07/2008,80174,700-96-6587,2017,25,
620,Lyes,Raleigh,Q,,"LYES, RALEIGH Q ",01/02/2007,80336,125-05-8093,2016,14,
621,Bretland,Randy,R,,"BRETLAND, RANDY R ",12/29/1999,58442,241-31-9467,2019,10,
622,Beeston,Loy,M,,"BEESTON, LOY M ",07/26/1992,07307,105-43-7936,2017,21,
623,MacKaig,Hunfredo,M,,"MACKAIG, HUNFREDO M ",03/24/1993,50383,742-34-8850,2015,18,
624,Belderfield,Sascha,V,,"BELDERFIELD, SASCHA V ",07/06/2011,12930,874-35-4094,2019,16,201916
625,Baccas,Grannie,L,,"BACCAS, GRANNIE L ",09/07/2004,39309,221-09-4273,2019,14,201914
626,Vigus,Obadias,R,,"VIGUS, OBADIAS R ",01/10/2002,80964,524-95-4941,2019,12,
627,Kropach,Doy,Z,,"KROPACH, DOY Z ",01/28/1995,20948,647-21-8579,2019,17,
628,Sumbler,Sterne,L,,"SUMBLER, STERNE L ",02/05/2015,39849,368-53-9327,2016,24,
629,Stollard,Blair,P,,"STOLLARD, BLAIR P ",05/29/2000,53387,453-79-7807,2015,18,
630,Stolberger,Goddard,S,,"STOLBERGER, GODDARD S ",03/15/2006,67508,744-47-1941,2018,20,
631,Kilminster,Giacopo,K,,"KILMINSTER, GIACOPO K ",08/13/2013,98601,637-82-3172,2018,19,
632,Barkess,Gardiner,X,,"BARKESS, GARDINER X ",10/31/2010,00140,246-09-0767,2015,24,
633,Curedell,Vasili,M,,"CUREDELL, VASILI M ",04/03/1998,72132,562-51-3759,2021,12,
634,Corbould,Toddie,Q,,"CORBOULD, TODDIE Q ",04/07/1995,71373,383-97-3452,2019,25,
635,Creenan,Richmound,U,,"CREENAN, RICHMOUND U ",12/26/1996,56675,882-02-5901,2020,20,
636,Deppe,Jay,Q,,"DEPPE, JAY Q ",04/05/1993,52019,870-62-1870,2018,17,
637,Macieja,Irving,O,,"MACIEJA, IRVING O ",03/11/1998,97683,206-63-4719,2015,17,
638,Treadway,Peyter,P,,"TREADWAY, PEYTER P ",10/04/2013,05821,621-09-5650,2018,15,
639,Crimpe,Lennard,R,,"CRIMPE, LENNARD R ",04/16/2005,93119,660-37-6377,2019,24,
640,Cahan,Erskine,W,,"CAHAN, ERSKINE W ",06/27/1995,36059,622-76-5292,2015,24,
641,Peatt,Dewain,K,,"PEATT, DEWAIN K ",10/17/2008,36838,218-03-6389,2019,16,201916
642,O'Reilly,Timothee,E,,"O'REILLY, TIMOTHEE E ",04/15/2017,63251,674-66-8064,2021,23,
643,Horsefield,Mitch,X,IV,"HORSEFIELD, MITCH X IV",10/01/2014,10849,291-84-8130,2021,19,
644,Waddams,Ulick,I,Jr,"WADDAMS, ULICK I JR",01/25/2017,77994,144-23-7818,2020,23,202023
645,Methringham,Tremain,I,,"METHRINGHAM, TREMAIN I ",05/11/2015,60740,180-86-4841,2021,21,
646,Coye,Brenden,U,,"COYE, BRENDEN U ",09/09/2000,05103,453-22-4288,2019,22,201922
647,Kenny,Dun,T,,"KENNY, DUN T ",09/26/2000,06489,154-04-4636,2015,23,
648,Breyt,Cornie,Z,,"BREYT, CORNIE Z ",10/13/1993,36115,814-75-6023,2018,18,
649,Pestor,Sander,D,,"PESTOR, SANDER D ",02/10/2007,62192,843-12-9844,2021,22,
650,Gott,Antonin,F,,"GOTT, ANTONIN F ",11/05/1999,64771,311-47-6839,2017,24,
651,Abdon,Gannie,P,,"ABDON, GANNIE P ",10/05/2001,42623,765-71-0756,2018,23,
652,Nutty,Bryant,K,,"NUTTY, BRYANT K ",08/23/2009,15732,744-95-5100,2021,10,
653,Joscelyne,Renault,Z,,"JOSCELYNE, RENAULT Z ",07/06/2008,61378,434-01-2778,2021,25,
654,McGeorge,Barri,B,,"MCGEORGE, BARRI B ",05/07/1999,03385,557-82-6182,2015,11,
655,Ronca,Niel,Q,,"RONCA, NIEL Q ",06/12/1998,38757,360-45-3052,2018,18,
656,Vasiltsov,Hebert,E,,"VASILTSOV, HEBERT E ",02/26/2002,26484,443-97-4646,2016,14,201614
657,Chantler,Grantley,B,,"CHANTLER, GRANTLEY B ",09/02/2010,33026,677-76-3119,2021,10,202110
658,Rubinfajn,Larry,N,,"RUBINFAJN, LARRY N ",03/06/2006,76764,878-69-1844,2017,13,
659,Brocklesby,Hirsch,D,,"BROCKLESBY, HIRSCH D ",04/15/2004,37988,257-60-9128,2016,24,
660,Lowbridge,Guy,T,,"LOWBRIDGE, GUY T ",07/24/1994,78220,796-62-3634,2021,25,
661,McKilroe,Peirce,V,,"MCKILROE, PEIRCE V ",03/16/1994,87670,261-92-2563,2018,22,
662,Rustidge,Ferd,U,,"RUSTIDGE, FERD U ",12/22/2002,32069,257-83-5184,2017,25,
663,Presser,Hunter,L,,"PRESSER, HUNTER L ",08/06/2011,62958,272-27-8247,2015,20,
664,Lamas,Rufus,M,,"LAMAS, RUFUS M ",12/20/2004,46325,287-09-9638,2018,12,201812
665,Claussen,Bailey,G,,"CLAUSSEN, BAILEY G ",07/06/2018,38811,204-28-2807,2016,13,
666,McNirlin,Cull,A,,"MCNIRLIN, CULL A ",07/30/2019,73655,647-48-5698,2016,11,
667,Nunson,Adair,X,,"NUNSON, ADAIR X ",10/05/2010,31741,170-78-3144,2021,24,
668,Friedank,Gawen,U,,"FRIEDANK, GAWEN U ",02/10/2007,89636,347-11-2867,2019,11,
669,Soitoux,Hercule,J,,"SOITOUX, HERCULE J ",07/13/2019,73278,493-65-3385,2019,21,
670,Eastop,Linoel,J,,"EASTOP, LINOEL J ",01/15/2018,95723,106-99-1785,2019,24,
671,Holyard,Peyter,O,,"HOLYARD, PEYTER O ",06/02/1999,96462,231-90-3149,2018,16,
672,Swinburn,Cleon,N,,"SWINBURN, CLEON N ",03/16/2018,14398,639-99-8767,2018,21,
673,Murie,Roy,F,,"MURIE, ROY F ",08/24/2017,07629,507-34-8576,2016,15,201615
674,Bruinsma,Esme,Y,,"BRUINSMA, ESME Y ",02/13/2011,10837,213-20-7427,2015,20,
675,Stuther,Nils,R,,"STUTHER, NILS R ",12/15/2014,94862,246-57-5070,2019,19,
676,Lamke,Shaun,Z,,"LAMKE, SHAUN Z ",04/28/1994,33358,157-50-5398,2021,24,
677,Dublin,Mac,U,,"DUBLIN, MAC U ",12/20/2004,19494,194-44-6620,2020,23,
678,Tabbernor,Donnie,V,,"TABBERNOR, DONNIE V ",06/04/2007,44086,430-23-1267,2016,12,
679,Slevin,Locke,U,II,"SLEVIN, LOCKE U II",06/19/2019,95346,669-05-5756,2021,10,
680,Cudmore,Rufus,E,,"CUDMORE, RUFUS E ",10/23/1995,04635,761-55-2922,2018,22,
681,Cristofol,Alberik,P,,"CRISTOFOL, ALBERIK P ",01/22/1995,46047,853-90-6487,2019,12,
682,Threlfall,Aurthur,V,,"THRELFALL, AURTHUR V ",10/31/2013,59556,446-80-0640,2017,18,
683,Longega,Pepe,J,,"LONGEGA, PEPE J ",12/30/2007,36568,353-74-0133,2019,16,
684,Catterell,Haily,Z,,"CATTERELL, HAILY Z ",10/08/2018,78554,503-25-1928,2020,12,
685,Craigmyle,Milt,Z,,"CRAIGMYLE, MILT Z ",01/10/2019,61338,618-30-8549,2019,14,
686,Kunzelmann,Hashim,E,,"KUNZELMANN, HASHIM E ",02/21/1996,69479,662-68-9528,2019,19,
687,Braganca,Carney,R,,"BRAGANCA, CARNEY R ",02/12/2010,37049,703-83-8957,2016,11,
688,Beardsworth,Say,N,,"BEARDSWORTH, SAY N ",05/31/2002,12495,129-50-8640,2016,16,
689,Portch,Charlton,K,,"PORTCH, CHARLTON K ",10/11/2017,38085,327-11-7821,2017,11,
690,Shaddick,Nevile,O,,"SHADDICK, NEVILE O ",05/16/1993,47836,550-58-1238,2015,12,
691,Braiden,Willie,X,,"BRAIDEN, WILLIE X ",05/29/2018,74837,229-86-2913,2017,15,
692,Cape,Norby,M,,"CAPE, NORBY M ",12/29/2003,48671,657-86-8417,2017,13,
693,Exroll,Chico,G,,"EXROLL, CHICO G ",09/21/2008,35212,803-23-8479,2016,13,
694,Paff,Claudell,Z,,"PAFF, CLAUDELL Z ",05/12/1998,81263,117-74-8629,2015,11,
695,Bason,Adolph,R,,"BASON, ADOLPH R ",09/08/2011,98042,434-32-0037,2018,11,
696,Rider,Eduino,Q,,"RIDER, EDUINO Q ",11/04/2013,22479,574-79-4666,2015,24,
697,Naton,Mischa,X,II,"NATON, MISCHA X II",02/24/2015,88623,526-39-7930,2020,22,
698,McVicker,Janos,B,,"MCVICKER, JANOS B ",10/25/1995,63811,533-99-1637,2020,21,
699,Lawday,Nikolos,Q,,"LAWDAY, NIKOLOS Q ",10/28/2017,78468,586-94-5242,2018,14,
700,Dauney,Griffith,W,,"DAUNEY, GRIFFITH W ",07/24/2006,35135,213-86-3247,2020,13,
701,Licciardi,Zebulon,Z,,"LICCIARDI, ZEBULON Z ",07/19/2004,25512,104-32-2504,2018,13,201813
702,Fierro,Julian,A,,"FIERRO, JULIAN A ",08/18/2017,82434,115-18-6969,2018,20,
703,Roderham,Tam,Y,,"RODERHAM, TAM Y ",08/22/2001,66208,734-78-0475,2021,20,
704,Roseman,Dennet,I,,"ROSEMAN, DENNET I ",02/20/2000,81585,472-24-6724,2016,15,
705,Kitchingman,Kylie,U,,"KITCHINGMAN, KYLIE U ",02/16/2004,06019,412-15-2231,2017,15,
706,Parrott,Claire,V,,"PARROTT, CLAIRE V ",02/04/2004,83399,620-86-3956,2018,14,
707,Hardaker,Tulley,T,,"HARDAKER, TULLEY T ",06/10/1992,17326,510-19-1191,2016,24,
708,Carragher,Deck,L,,"CARRAGHER, DECK L ",12/31/1995,06170,228-87-4967,2015,16,
709,Heaseman,Woodrow,X,,"HEASEMAN, WOODROW X ",06/21/2003,64699,510-80-1560,2016,17,
710,Ivanov,Waiter,J,,"IVANOV, WAITER J ",07/20/2007,31047,470-63-6516,2021,22,202122
711,Sauter,Eddy,R,,"SAUTER, EDDY R ",02/16/2009,63772,780-87-4801,2020,19,
712,Ilem,Marlo,Q,,"ILEM, MARLO Q ",11/27/2000,88881,453-65-0158,2019,20,
713,Dansie,Archy,H,,"DANSIE, ARCHY H ",06/29/1999,53765,330-77-2890,2021,21,
714,Selbach,Care,P,,"SELBACH, CARE P ",09/21/2014,60220,362-69-9262,2017,20,
715,Bloxsome,Lorens,I,,"BLOXSOME, LORENS I ",01/29/2004,98360,585-21-0869,2021,10,
716,Korejs,Udall,Y,II,"KOREJS, UDALL Y II",09/22/2017,64935,700-68-8468,2016,13,
717,Bootyman,Kingston,I,,"BOOTYMAN, KINGSTON I ",02/23/2016,88280,772-42-9505,2021,12,
718,Platts,Reinaldos,Q,IV,"PLATTS, REINALDOS Q IV",08/05/2005,25048,198-82-8490,2016,14,
719,Grolmann,Homer,K,,"GROLMANN, HOMER K ",10/11/2010,64121,601-52-3833,2016,17,
720,Churchouse,Allie,E,,"CHURCHOUSE, ALLIE E ",05/18/2000,73723,840-31-1119,2016,14,
721,Dukelow,Horatio,M,,"DUKELOW, HORATIO M ",06/12/2008,46076,200-54-7782,2019,12,201912
722,Fidgeon,Blair,K,,"FIDGEON, BLAIR K ",12/21/2002,63286,477-99-3415,2020,22,202022
723,Jenkison,Charlie,Y,,"JENKISON, CHARLIE Y ",04/14/2000,12659,547-99-9658,2019,11,
724,Vautin,Kristofor,H,,"VAUTIN, KRISTOFOR H ",08/31/2010,94258,353-62-4838,2016,24,
725,Sell,Kurt,J,,"SELL, KURT J ",11/05/1997,42041,130-31-5221,2020,23,202023
726,Spellessy,Arvie,W,,"SPELLESSY, ARVIE W ",09/21/1999,56277,335-80-5691,2015,22,
727,Bootes,Abram,T,,"BOOTES, ABRAM T ",09/07/1997,97225,713-01-7269,2020,14,202014
728,Verbrugghen,Estevan,J,,"VERBRUGGHEN, ESTEVAN J ",02/14/2015,23209,814-19-0666,2018,24,
729,Tunnah,Ripley,W,,"TUNNAH, RIPLEY W ",01/31/2001,24654,814-46-6381,2018,14,201814
730,Fruish,Cirillo,Q,,"FRUISH, CIRILLO Q ",12/12/2014,39684,462-85-4104,2018,20,
731,Vedntyev,Deane,Z,,"VEDNTYEV, DEANE Z ",03/30/2005,77634,526-84-9606,2019,20,
732,Dowker,Dalton,E,,"DOWKER, DALTON E ",12/20/2013,32938,443-14-8356,2018,10,
733,Dungate,Weston,W,,"DUNGATE, WESTON W ",07/30/1997,49330,409-92-5076,2018,10,
734,Apark,Gard,P,II,"APARK, GARD P II",06/02/2001,51725,526-61-5880,2016,23,
735,oldey,Prescott,Q,,"OLDEY, PRESCOTT Q ",02/12/2017,83538,431-31-2791,2016,18,
736,Kitchenham,Alfredo,Q,,"KITCHENHAM, ALFREDO Q ",06/24/2002,09723,150-19-9622,2015,18,
737,von Grollmann,Taddeo,O,,"VON GROLLMANN, TADDEO O ",07/06/2002,06228,257-27-5053,2021,11,
738,Voce,Toiboid,U,,"VOCE, TOIBOID U ",04/08/2018,66725,147-65-4569,2016,19,
739,Kinlock,Demott,F,,"KINLOCK, DEMOTT F ",04/09/1994,89568,473-89-8068,2019,16,201916
740,Pittman,Jerri,K,,"PITTMAN, JERRI K ",02/02/2011,66097,543-71-3967,2017,23,
741,Storrah,Nataniel,Q,,"STORRAH, NATANIEL Q ",04/07/2013,79658,560-98-9513,2016,23,
742,Tiptaft,Vite,R,,"TIPTAFT, VITE R ",03/02/2002,44123,834-93-5841,2020,21,
743,Hall-Gough,Law,F,,"HALL-GOUGH, LAW F ",02/23/1998,68776,661-05-8329,2017,10,
744,MacGiolla Pheadair,Moishe,G,,"MACGIOLLA PHEADAIR, MOISHE G ",12/01/2018,69830,317-33-1520,2020,15,
745,Racher,Hamnet,I,,"RACHER, HAMNET I ",05/08/2011,53264,126-05-7827,2018,12,201812
746,Fall,Minor,C,,"FALL, MINOR C ",01/15/2000,88783,382-74-2721,2016,16,201616
747,Hankin,Bartolomeo,Q,,"HANKIN, BARTOLOMEO Q ",03/31/2016,28075,817-70-0728,2021,11,
748,Brabant,Erek,R,,"BRABANT, EREK R ",11/28/2015,72710,304-62-3075,2019,23,
749,Dun,Broderick,E,,"DUN, BRODERICK E ",04/19/2011,73351,677-95-7607,2019,19,
750,Cashford,Worth,T,,"CASHFORD, WORTH T ",08/01/1996,90869,260-84-0437,2020,11,
751,Shimuk,Roderick,V,,"SHIMUK, RODERICK V ",09/20/2016,03593,410-71-4924,2019,16,
752,Pieche,Tobie,B,,"PIECHE, TOBIE B ",10/20/2000,24985,836-22-7965,2016,19,201619
753,Pourveer,Piggy,P,,"POURVEER, PIGGY P ",03/23/2006,21512,789-35-7979,2015,12,
754,Starmont,Todd,S,,"STARMONT, TODD S ",04/18/2003,88872,778-48-7416,2016,24,201624
755,Macveigh,Jo,Z,,"MACVEIGH, JO Z ",02/05/2014,10955,367-57-1817,2019,25,
756,Roswarn,Red,B,,"ROSWARN, RED B ",04/30/1994,90312,709-83-6790,2019,23,
757,Haggleton,Jaye,V,IV,"HAGGLETON, JAYE V IV",05/11/2001,71950,880-58-5898,2021,23,
758,Brotherwood,Arri,J,,"BROTHERWOOD, ARRI J ",08/09/2014,15812,536-07-2516,2021,15,
759,Orrice,Westleigh,A,,"ORRICE, WESTLEIGH A ",03/17/1994,84525,693-05-7833,2017,12,
760,Wiles,Jean,E,,"WILES, JEAN E ",10/27/1993,24032,676-28-1888,2021,14,
761,McCrie,Lanny,W,,"MCCRIE, LANNY W ",02/12/2011,08100,491-09-5252,2017,17,
762,Plaskitt,Carey,O,,"PLASKITT, CAREY O ",08/30/2013,42723,525-21-4788,2015,20,
763,Weight,Isacco,R,,"WEIGHT, ISACCO R ",09/07/1994,97583,135-74-3752,2016,21,
764,Childe,Phillipp,H,,"CHILDE, PHILLIPP H ",02/03/1995,45043,839-33-0297,2015,19,
765,Gumm,Lannie,P,,"GUMM, LANNIE P ",06/05/1995,60634,848-87-0313,2021,10,
766,De Mars,Kim,P,,"DE MARS, KIM P ",12/16/1998,83877,128-62-2835,2020,11,
767,Seaking,Yulma,H,,"SEAKING, YULMA H ",10/26/1995,49004,584-36-2096,2018,20,
768,O'Fairy,Kane,G,,"O'FAIRY, KANE G ",02/19/2014,16613,631-81-1239,2019,18,
769,Stockney,Byrom,E,,"STOCKNEY, BYROM E ",10/14/2008,93887,266-31-4866,2018,22,
770,Curd,Mannie,O,,"CURD, MANNIE O ",05/05/2006,18775,148-21-3799,2018,22,
771,McWhannel,Sheppard,O,,"MCWHANNEL, SHEPPARD O ",06/12/2010,35341,845-76-9356,2018,16,
772,Soreau,Avram,G,,"SOREAU, AVRAM G ",10/12/2019,09740,566-93-0045,2015,15,
773,Shepperd,Moss,Q,,"SHEPPERD, MOSS Q ",07/29/2013,17631,637-70-3963,2015,23,
774,Waplington,Morgun,H,,"WAPLINGTON, MORGUN H ",07/05/2003,15980,793-49-8250,2021,19,
775,Emanuelov,Eric,N,,"EMANUELOV, ERIC N ",05/04/2015,63262,611-04-0007,2019,13,
776,Salsberg,Gabie,T,,"SALSBERG, GABIE T ",08/14/2011,60020,601-54-0753,2018,19,
777,Mendus,Bevon,B,,"MENDUS, BEVON B ",12/21/2000,34253,415-98-2971,2020,15,
778,Foro,Rafi,Y,,"FORO, RAFI Y ",07/24/2018,57684,287-07-4489,2015,24,
779,Harriot,Stu,O,,"HARRIOT, STU O ",02/04/2008,01437,610-16-7154,2020,20,202020
780,Verma,Frederik,V,,"VERMA, FREDERIK V ",07/06/2002,35856,798-43-1000,2020,24,
781,Bengall,Normand,C,,"BENGALL, NORMAND C ",02/04/2009,66799,498-37-4104,2018,21,
782,Mebes,Ansel,M,,"MEBES, ANSEL M ",11/14/2008,89820,688-91-1621,2015,23,
783,Wabe,Murdoch,K,,"WABE, MURDOCH K ",01/16/2004,63443,771-97-5530,2020,22,
784,Gratland,Perceval,H,,"GRATLAND, PERCEVAL H ",08/07/1997,02367,503-36-2611,2016,24,
785,Buse,Gray,Z,,"BUSE, GRAY Z ",10/28/2004,66009,852-57-6387,2018,24,
786,Sheppard,Samson,F,,"SHEPPARD, SAMSON F ",05/14/2007,34708,460-82-2170,2016,23,
787,Fendlow,Dennis,O,,"FENDLOW, DENNIS O ",06/18/2015,27947,525-59-1870,2021,16,
788,Duker,Chrotoem,K,,"DUKER, CHROTOEM K ",07/19/2017,81649,168-08-1600,2018,13,
789,Lapre,Fee,Y,,"LAPRE, FEE Y ",07/06/2007,83389,299-01-5317,2021,23,
790,Alexandersen,William,S,,"ALEXANDERSEN, WILLIAM S ",07/27/1994,10833,100-92-8635,2017,19,
791,Cush,Colby,O,,"CUSH, COLBY O ",07/17/2000,28508,132-64-9813,2019,13,
792,Queyos,Ad,X,,"QUEYOS, AD X ",09/08/2002,12934,250-93-2849,2016,23,
793,Grishunin,Aaron,S,,"GRISHUNIN, AARON S ",01/08/2003,23861,262-39-3436,2020,17,
794,Parres,Marijn,B,,"PARRES, MARIJN B ",07/14/2016,38041,727-02-4938,2021,24,
795,Hefforde,Hashim,B,,"HEFFORDE, HASHIM B ",05/22/2007,23279,290-91-6142,2020,13,
796,Burchett,Kristofor,V,,"BURCHETT, KRISTOFOR V ",02/20/2014,11986,293-71-2108,2015,24,
797,Leindecker,Danny,C,,"LEINDECKER, DANNY C ",01/09/2003,98903,430-53-9075,2021,20,
798,Bruyett,Thatcher,D,,"BRUYETT, THATCHER D ",07/18/1996,45163,789-59-3234,2021,24,
799,Gilbody,Berkley,T,,"GILBODY, BERKLEY T ",03/30/2012,63104,422-29-6115,2017,18,
800,Whybrow,Vernor,R,,"WHYBROW, VERNOR R ",12/01/2017,86195,241-76-1553,2017,24,
801,Broad,Damon,G,,"BROAD, DAMON G ",05/07/2018,68827,751-15-0070,2019,17,
802,Osbourn,Cecilio,R,,"OSBOURN, CECILIO R ",04/08/2013,95430,330-80-8420,2016,18,
803,Benko,Ryley,V,,"BENKO, RYLEY V ",02/23/2009,97182,862-89-7701,2016,13,
804,Antat,Wallie,H,,"ANTAT, WALLIE H ",12/20/2012,56575,326-18-9658,2020,10,
805,McCrillis,Archy,V,,"MCCRILLIS, ARCHY V ",08/29/2016,10539,529-64-4735,2015,17,
806,Beart,Lemmy,T,,"BEART, LEMMY T ",08/05/2001,62007,481-19-0692,2020,22,
807,Broadway,Eal,A,,"BROADWAY, EAL A ",12/29/2008,32826,340-43-6624,2021,15,
808,Keston,Ossie,Q,,"KESTON, OSSIE Q ",05/02/2004,53406,609-81-7434,2018,21,
809,Langsdon,Spencer,Z,,"LANGSDON, SPENCER Z ",04/21/2006,66357,432-27-8772,2019,22,
810,Oboy,Gorden,M,,"OBOY, GORDEN M ",10/27/1993,53347,377-09-4716,2019,16,
811,Clough,Pierce,F,,"CLOUGH, PIERCE F ",04/14/2019,62928,304-88-6950,2019,17,
812,Goldes,Briant,E,,"GOLDES, BRIANT E ",11/26/2016,00628,709-94-1794,2019,17,
813,Kellet,Burgess,I,,"KELLET, BURGESS I ",05/07/1994,52652,247-83-2896,2015,25,
814,Surmon,Timotheus,H,,"SURMON, TIMOTHEUS H ",07/21/2003,30845,142-39-2739,2016,14,
815,Yegorov,Malvin,U,,"YEGOROV, MALVIN U ",05/16/2006,61113,114-62-3008,2018,11,
816,Venney,Zacherie,E,,"VENNEY, ZACHERIE E ",06/22/2018,65531,226-92-7588,2017,22,201722
817,Chaperling,Quinn,K,,"CHAPERLING, QUINN K ",03/31/2015,89947,395-70-3126,2017,17,
818,Look,Ollie,V,,"LOOK, OLLIE V ",12/07/1993,06363,533-87-7317,2021,21,
819,Broadhead,Evelyn,N,,"BROADHEAD, EVELYN N ",10/15/2001,71832,366-48-6952,2020,12,
820,Baudts,Ethelbert,K,Sr,"BAUDTS, ETHELBERT K SR",04/29/2006,92220,689-75-6419,2021,25,
821,Botler,Waldo,X,,"BOTLER, WALDO X ",12/07/1995,06781,684-29-9147,2017,17,
822,Purser,Avram,F,,"PURSER, AVRAM F ",03/29/2003,88028,838-45-2773,2016,13,
823,Divers,Bowie,J,,"DIVERS, BOWIE J ",01/25/2009,03127,695-72-4710,2019,10,
824,Gallo,Willard,J,,"GALLO, WILLARD J ",07/12/2015,01325,337-45-6562,2021,19,202119
825,Lamprey,Clywd,V,,"LAMPREY, CLYWD V ",11/26/1993,86017,242-60-4376,2020,16,202016
826,Ceillier,Ryley,G,,"CEILLIER, RYLEY G ",06/16/2014,50437,452-72-5730,2018,15,
827,Brito,Jessey,M,,"BRITO, JESSEY M ",11/21/1993,75147,651-98-2667,2018,12,
828,Gartan,Mitchel,S,,"GARTAN, MITCHEL S ",04/18/2004,15684,410-18-1946,2015,13,
829,Stopp,Sasha,G,,"STOPP, SASHA G ",09/28/2017,51083,550-30-9567,2018,20,
830,Quigg,Dory,Q,,"QUIGG, DORY Q ",03/10/1993,99996,393-03-9479,2015,23,
831,McIlhone,Bondy,E,,"MCILHONE, BONDY E ",12/18/2012,40611,271-71-1558,2016,10,
832,Ivasyushkin,Christoper,T,,"IVASYUSHKIN, CHRISTOPER T ",08/04/1994,41824,846-06-6852,2019,10,
833,Widdowfield,Brewster,T,,"WIDDOWFIELD, BREWSTER T ",11/12/2007,75962,797-93-6573,2021,13,
834,Stebbins,Roddie,E,,"STEBBINS, RODDIE E ",09/17/2013,62553,520-65-8375,2021,14,
835,Baldree,Clevey,C,,"BALDREE, CLEVEY C ",07/16/2004,43712,770-82-9718,2016,23,
836,Frowing,Derby,H,,"FROWING, DERBY H ",04/23/2004,34190,147-30-4046,2020,21,
837,Cassidy,Theodore,P,,"CASSIDY, THEODORE P ",08/10/1992,15322,402-71-0899,2017,18,
838,Doone,Clemente,C,,"DOONE, CLEMENTE C ",10/24/2005,41110,350-59-7743,2021,24,
839,Rolingson,Jabez,Q,,"ROLINGSON, JABEZ Q ",08/04/2016,76472,209-44-0908,2015,17,
840,Pencot,Fletcher,O,,"PENCOT, FLETCHER O ",06/20/1996,41627,171-50-1681,2015,12,
841,Potzold,Warde,Z,,"POTZOLD, WARDE Z ",05/02/2011,56001,504-79-0443,2017,24,
842,Hyndman,Kalle,E,,"HYNDMAN, KALLE E ",12/22/2003,92679,785-12-5828,2017,10,
843,Whitehead,Avrom,B,,"WHITEHEAD, AVROM B ",08/20/2008,96952,272-17-9986,2017,24,
844,Ferber,Gilberto,R,,"FERBER, GILBERTO R ",05/18/2014,58093,419-58-7744,2017,25,
845,Syddall,Jard,X,,"SYDDALL, JARD X ",05/01/2010,89472,328-99-5871,2018,18,
846,Morcomb,Cobby,Q,,"MORCOMB, COBBY Q ",02/20/1998,34372,746-53-5335,2019,17,
847,Dunlea,Cecil,H,,"DUNLEA, CECIL H ",11/12/1993,84596,597-80-6055,2019,14,
848,Lycett,Brade,R,,"LYCETT, BRADE R ",11/24/2009,47120,719-61-6012,2018,11,
849,Habard,Renato,Z,,"HABARD, RENATO Z ",11/01/1994,02474,190-67-9847,2019,12,
850,Rainford,Boy,U,,"RAINFORD, BOY U ",05/02/2000,28367,228-56-3587,2015,12,
851,Taree,Wayland,F,,"TAREE, WAYLAND F ",05/20/2005,01434,688-19-0727,2018,24,
852,Petrulis,Jourdain,C,,"PETRULIS, JOURDAIN C ",03/11/1992,38665,758-58-7898,2019,16,201916
853,Lailey,Mike,B,,"LAILEY, MIKE B ",08/25/2006,73904,253-64-8172,2016,24,
854,Pichmann,Kendell,O,,"PICHMANN, KENDELL O ",11/14/2019,76463,661-81-9808,2018,21,201821
855,Stevings,Yankee,A,,"STEVINGS, YANKEE A ",08/29/1999,67771,398-49-3593,2019,23,
856,Imlach,Grannie,S,Sr,"IMLACH, GRANNIE S SR",02/11/1995,42001,803-25-6873,2020,15,
857,Brunini,Darrin,Z,,"BRUNINI, DARRIN Z ",10/06/2017,87198,479-31-5387,2018,16,
858,Wickie,Garth,S,,"WICKIE, GARTH S ",04/27/2002,30648,571-01-1655,2016,13,
859,Howe,Adham,I,,"HOWE, ADHAM I ",03/09/2010,62101,252-65-4110,2016,18,
860,Peacher,Hanson,H,,"PEACHER, HANSON H ",01/04/2014,18826,494-12-1749,2020,22,
861,Hupka,Vern,N,,"HUPKA, VERN N ",06/17/1998,63872,249-97-3318,2018,14,
862,Daubeny,Horatius,K,,"DAUBENY, HORATIUS K ",02/27/2001,22446,638-99-9999,2017,20,
863,McClymont,Ward,J,,"MCCLYMONT, WARD J ",11/12/2015,30658,519-60-3471,2016,22,
864,Norrington,Kristo,U,,"NORRINGTON, KRISTO U ",09/14/2008,25863,420-99-5502,2018,10,
865,Barbera,Cole,U,,"BARBERA, COLE U ",12/02/2007,17307,272-96-7285,2017,16,201716
866,Keig,Timmy,O,,"KEIG, TIMMY O ",03/11/2011,22404,789-58-7829,2016,21,
867,Hutable,Pierson,F,,"HUTABLE, PIERSON F ",01/09/2007,04890,225-43-6440,2017,21,
868,Michie,Neville,K,Sr,"MICHIE, NEVILLE K SR",07/11/1995,93252,876-90-3363,2015,16,
869,Alman,Adolphe,N,,"ALMAN, ADOLPHE N ",01/19/2006,54571,362-12-1828,2020,22,202022
870,Janous,Marlon,G,,"JANOUS, MARLON G ",08/02/2009,89961,262-32-5326,2020,17,
871,Follis,Willem,U,,"FOLLIS, WILLEM U ",03/27/2010,37208,112-50-9074,2018,17,
872,Pheazey,Farrel,X,,"PHEAZEY, FARREL X ",02/17/2002,67726,166-36-8569,2019,22,
873,Sea,Brodie,Y,,"SEA, BRODIE Y ",05/28/2001,10318,811-56-3104,2015,17,
874,Ubsdall,Jesse,F,,"UBSDALL, JESSE F ",11/03/1993,51481,482-47-7479,2019,14,
875,Blythin,Shayne,W,,"BLYTHIN, SHAYNE W ",10/17/2005,67962,267-90-3966,2021,21,
876,MacAscaidh,Wendall,A,,"MACASCAIDH, WENDALL A ",01/05/1995,37844,547-69-3587,2019,15,
877,Matteotti,Sherlocke,H,,"MATTEOTTI, SHERLOCKE H ",11/07/2007,48452,863-87-1889,2021,16,
878,Lepere,Glen,V,,"LEPERE, GLEN V ",02/05/1994,71574,517-65-9257,2019,22,
879,Skull,Winn,K,,"SKULL, WINN K ",12/11/2002,43848,334-46-2411,2015,11,201511
880,Hritzko,Ricoriki,L,,"HRITZKO, RICORIKI L ",08/06/1992,57816,392-43-5440,2015,13,201513
881,Baudry,Alex,U,,"BAUDRY, ALEX U ",04/17/1992,67490,297-51-9890,2021,18,
882,Soloway,Deck,Z,,"SOLOWAY, DECK Z ",09/19/1994,94598,474-07-2701,2020,15,
883,Di Bartolomeo,Kristopher,R,,"DI BARTOLOMEO, KRISTOPHER R ",12/27/2009,28464,531-34-1584,2015,19,
884,McBoyle,Fee,R,,"MCBOYLE, FEE R ",11/11/2018,88450,498-75-1749,2019,24,201924
885,Sone,Ryley,C,,"SONE, RYLEY C ",03/13/2010,79304,272-64-6068,2021,24,
886,Krysiak,Tadio,G,,"KRYSIAK, TADIO G ",11/04/2008,12689,795-64-1580,2017,17,201717
887,Paulat,Jonathon,I,,"PAULAT, JONATHON I ",03/11/2006,66123,571-39-1556,2018,10,
888,Sidebotham,Rube,S,III,"SIDEBOTHAM, RUBE S III",12/22/1996,02822,559-33-5838,2021,25,
889,McCulloch,Judas,Y,,"MCCULLOCH, JUDAS Y ",04/04/2017,53477,235-66-2571,2015,17,
890,Tripet,Maddy,V,,"TRIPET, MADDY V ",02/03/2017,92725,283-63-0717,2020,15,
891,Stoakes,Ignace,I,,"STOAKES, IGNACE I ",04/12/2009,55052,218-93-5162,2020,23,
892,Heinle,Urbanus,G,,"HEINLE, URBANUS G ",11/15/2009,36025,724-03-8356,2015,10,
893,Belbin,Don,A,,"BELBIN, DON A ",01/22/2009,60289,182-71-9298,2021,24,
894,Zupone,Morton,N,,"ZUPONE, MORTON N ",01/10/1996,47779,451-46-7768,2016,25,
895,Olivi,Tore,K,,"OLIVI, TORE K ",09/12/2017,07058,156-80-5258,2020,15,
896,McQuaide,Tomlin,X,,"MCQUAIDE, TOMLIN X ",01/08/2019,74024,608-32-0462,2015,20,
897,Huey,Nikolai,G,,"HUEY, NIKOLAI G ",01/25/2003,97303,543-03-7804,2015,15,
898,Eves,Humfried,Q,,"EVES, HUMFRIED Q ",06/25/1992,18323,791-57-8248,2015,21,
899,Caplis,Ernie,A,,"CAPLIS, ERNIE A ",08/26/2000,22619,585-24-8238,2017,18,
900,Kilgallon,Dionisio,F,,"KILGALLON, DIONISIO F ",07/02/2016,93538,789-01-1004,2020,25,
901,Cordle,Basile,T,,"CORDLE, BASILE T ",03/17/1998,54818,282-41-0623,2019,20,
902,Legrand,Ginger,T,,"LEGRAND, GINGER T ",03/25/2000,60084,490-61-3331,2017,24,
903,Gwyneth,Tristan,W,,"GWYNETH, TRISTAN W ",05/28/2005,42022,409-65-5908,2017,22,
904,Meharg,Packston,X,,"MEHARG, PACKSTON X ",10/08/2009,30118,167-66-3677,2019,14,
905,Spinke,Stanley,Z,,"SPINKE, STANLEY Z ",09/18/2006,28698,652-65-5557,2016,15,
906,Cleef,Darbee,R,,"CLEEF, DARBEE R ",01/24/1993,79676,703-75-9290,2015,10,
907,Jedrzaszkiewicz,Page,T,,"JEDRZASZKIEWICZ, PAGE T ",08/03/2005,00230,529-92-7632,2020,10,
908,Vanini,Aharon,C,,"VANINI, AHARON C ",12/30/2010,87506,575-05-8018,2021,10,202110
909,Ruilton,Whittaker,G,,"RUILTON, WHITTAKER G ",12/16/2000,60871,607-28-0101,2015,18,
910,Syddie,Brett,Y,,"SYDDIE, BRETT Y ",11/15/2003,51760,577-11-4978,2020,20,
911,Guilfoyle,Ailbert,I,,"GUILFOYLE, AILBERT I ",06/18/1994,42808,189-66-0356,2020,19,
912,Muat,Kippie,C,,"MUAT, KIPPIE C ",03/16/2012,73580,746-89-5838,2021,19,
913,Towell,Alaric,R,,"TOWELL, ALARIC R ",02/24/2005,65134,168-84-8915,2019,19,
914,Cestard,Connor,G,,"CESTARD, CONNOR G ",01/19/2004,24463,578-86-0164,2015,22,
915,Cracknell,Freddy,W,,"CRACKNELL, FREDDY W ",12/27/2010,54694,354-09-5762,2021,16,
916,Lichfield,Hakim,B,,"LICHFIELD, HAKIM B ",06/11/2006,33956,758-91-7747,2019,10,201910
917,Bennoe,Traver,P,,"BENNOE, TRAVER P ",01/19/2002,81843,772-81-4920,2016,18,
918,Antoinet,Ulysses,H,,"ANTOINET, ULYSSES H ",08/17/2016,73746,231-25-7714,2019,14,
919,Conrard,Meredeth,Y,,"CONRARD, MEREDETH Y ",04/11/2000,64579,245-81-4855,2018,10,
920,Fairclough,Ephraim,I,,"FAIRCLOUGH, EPHRAIM I ",08/15/2013,68467,742-36-0600,2016,18,201618
921,Tireman,Lemmie,D,,"TIREMAN, LEMMIE D ",08/05/1998,71823,884-33-0032,2016,24,201624
922,Dunlop,Cyrillus,W,,"DUNLOP, CYRILLUS W ",09/08/2008,15013,897-07-7376,2020,13,
923,Soda,Sibyl,E,,"SODA, SIBYL E ",12/19/1994,37141,639-76-2698,2015,13,
924,Roelvink,Major,A,,"ROELVINK, MAJOR A ",07/30/1993,55425,317-73-3697,2018,12,
925,Kember,Cchaddie,A,,"KEMBER, CCHADDIE A ",04/01/2009,92401,627-72-4109,2018,25,
926,Bevan,Donnie,B,,"BEVAN, DONNIE B ",08/25/2009,88215,512-97-7592,2019,10,
927,Sotheron,Evelyn,I,,"SOTHERON, EVELYN I ",05/08/1998,00361,240-49-6065,2016,22,
928,Gowen,Alistair,D,,"GOWEN, ALISTAIR D ",01/25/1994,03010,224-37-2840,2019,21,
929,Peacock,Renato,L,,"PEACOCK, RENATO L ",01/04/2007,25149,654-24-4781,2021,23,
930,Cownden,Oliviero,G,,"COWNDEN, OLIVIERO G ",09/09/2008,17392,401-36-1258,2020,20,
931,Manwell,Eberhard,Y,IV,"MANWELL, EBERHARD Y IV",02/07/2008,84360,171-37-5628,2016,23,
932,Eddisford,Trip,J,,"EDDISFORD, TRIP J ",04/12/2003,49789,473-52-8046,2020,25,
933,Phette,Guglielmo,O,,"PHETTE, GUGLIELMO O ",01/21/2006,51618,334-90-1900,2019,10,
934,Casone,Marcellus,F,,"CASONE, MARCELLUS F ",04/25/2003,63548,236-86-3982,2016,11,201611
935,Godbert,Paquito,C,,"GODBERT, PAQUITO C ",09/27/2013,30758,136-65-8315,2019,19,
936,Henrique,Wilbur,R,,"HENRIQUE, WILBUR R ",09/11/2007,92161,870-76-9496,2017,20,
937,Friberg,Gasparo,R,,"FRIBERG, GASPARO R ",09/06/2010,16894,774-34-8708,2021,22,
938,Hathaway,Lucas,Q,,"HATHAWAY, LUCAS Q ",04/09/1996,15139,485-35-9786,2019,23,
939,Wartnaby,Marcus,X,,"WARTNABY, MARCUS X ",07/14/2006,03117,429-05-5547,2015,12,
940,Chicken,Matthew,B,,"CHICKEN, MATTHEW B ",07/20/2004,40390,490-90-9080,2021,15,
941,Bonwell,Jorge,S,Sr,"BONWELL, JORGE S SR",12/13/2016,82041,787-11-9995,2018,21,
942,Joscelyne,Staford,R,,"JOSCELYNE, STAFORD R ",04/12/2009,24948,756-92-4854,2019,21,
943,Challinor,Archer,S,,"CHALLINOR, ARCHER S ",09/25/1992,96047,749-25-5657,2016,20,
944,De la Zenne,Ralph,K,,"DE LA ZENNE, RALPH K ",11/04/1999,91063,309-88-3060,2021,13,
945,Edmeads,Whitney,I,,"EDMEADS, WHITNEY I ",02/29/2004,70031,751-93-8989,2016,23,
946,Fawdry,Shurlocke,P,,"FAWDRY, SHURLOCKE P ",08/20/2004,80938,433-68-5122,2019,11,
947,Huntingford,Devland,Z,,"HUNTINGFORD, DEVLAND Z ",11/10/1998,93456,233-89-1638,2020,24,
948,Purkiss,Barret,B,,"PURKISS, BARRET B ",06/06/1995,74395,502-75-5034,2021,10,
949,Fellini,Blake,H,,"FELLINI, BLAKE H ",03/03/1996,00357,387-98-0947,2017,19,
950,Rannigan,Mattheus,U,,"RANNIGAN, MATTHEUS U ",07/22/2002,20879,390-70-8729,2016,19,
951,Girling,Isidro,R,,"GIRLING, ISIDRO R ",10/27/1996,29711,519-62-9259,2019,10,
952,Burberow,Cary,M,,"BURBEROW, CARY M ",02/05/1996,20958,753-49-0015,2015,12,
953,Sinkings,Thaine,R,,"SINKINGS, THAINE R ",04/08/1998,20478,888-61-6732,2016,22,
954,Le febre,Neill,B,,"LE FEBRE, NEILL B ",04/21/1996,67999,499-31-3630,2015,19,
955,Sibbering,Todd,S,,"SIBBERING, TODD S ",05/10/2005,32534,406-93-6646,2019,22,201922
956,Aldine,Scotty,T,IV,"ALDINE, SCOTTY T IV",02/08/2014,94796,109-84-2966,2019,10,
957,Sands,Stanford,D,,"SANDS, STANFORD D ",08/19/2013,15790,541-94-7993,2015,25,201525
958,Snelgar,Brandy,V,,"SNELGAR, BRANDY V ",04/01/2013,72124,691-77-3988,2019,17,201917
959,Renals,Toby,H,,"RENALS, TOBY H ",01/03/2004,76410,404-10-8395,2018,25,
960,Gary,Horatius,D,,"GARY, HORATIUS D ",09/22/2007,62754,892-29-4608,2019,23,
961,Davage,Kirby,N,,"DAVAGE, KIRBY N ",11/20/2011,21577,517-86-1095,2017,11,
962,Kemshell,Peter,Z,,"KEMSHELL, PETER Z ",12/20/1997,94235,107-27-3017,2021,13,
963,Kelly,Geoffrey,Z,,"KELLY, GEOFFREY Z ",06/12/2011,05601,438-57-2974,2020,25,202025
964,Libbis,Abba,T,,"LIBBIS, ABBA T ",01/31/2003,69104,819-68-6989,2021,16,
965,Avrashin,Jan,A,,"AVRASHIN, JAN A ",05/10/2015,59216,830-03-8800,2018,20,
966,Presslee,Al,H,,"PRESSLEE, AL H ",12/29/2008,67593,788-66-0612,2015,23,201523
967,Littlejohn,Farrel,E,,"LITTLEJOHN, FARREL E ",07/28/2015,34327,767-25-2441,2017,20,
968,Reichelt,Howie,L,,"REICHELT, HOWIE L ",06/06/2009,12677,870-19-6695,2016,20,
969,Crebott,Ram,F,,"CREBOTT, RAM F ",03/04/2005,74596,445-47-3432,2017,13,201713
970,Mallion,Del,K,,"MALLION, DEL K ",03/09/1998,55819,235-38-2574,2017,11,201711
971,Bosworth,Virge,H,,"BOSWORTH, VIRGE H ",10/19/2001,78857,468-55-9646,2015,17,
972,Summerell,Reinhold,S,,"SUMMERELL, REINHOLD S ",04/17/1993,02708,769-45-6578,2018,18,
973,Scruby,Neville,B,,"SCRUBY, NEVILLE B ",01/28/1996,02984,838-68-9201,2018,22,
974,Kearey,Wilt,T,,"KEAREY, WILT T ",03/27/2012,42631,336-35-8226,2016,19,201619
975,Seagrave,Clint,C,,"SEAGRAVE, CLINT C ",09/01/2001,16970,789-44-7450,2021,15,
976,Barniss,Mylo,G,,"BARNISS, MYLO G ",11/02/2009,79951,876-22-8818,2018,10,
977,Fitzjohn,Pietrek,V,,"FITZJOHN, PIETREK V ",07/08/1997,28809,416-96-5325,2020,23,
978,Whear,Royce,G,Sr,"WHEAR, ROYCE G SR",10/02/2018,18095,228-89-7481,2018,10,
979,Matessian,Packston,S,,"MATESSIAN, PACKSTON S ",01/20/2004,13941,226-34-4365,2015,10,
980,Michiel,Arnaldo,P,,"MICHIEL, ARNALDO P ",05/10/1998,12462,696-03-4831,2021,18,
981,Ielden,Tris,Y,,"IELDEN, TRIS Y ",03/23/2015,65951,703-64-6741,2021,25,
982,le Keux,Enos,Q,,"LE KEUX, ENOS Q ",07/26/2017,68069,257-53-0571,2020,25,
983,Minnette,Barton,G,,"MINNETTE, BARTON G ",05/17/2001,50757,683-25-2267,2015,10,
984,Winfrey,Tucky,F,,"WINFREY, TUCKY F ",09/10/1994,49375,748-49-5895,2021,16,
985,Showering,Miller,Z,,"SHOWERING, MILLER Z ",10/06/1995,06390,791-64-7757,2018,18,
986,Umney,Pinchas,D,,"UMNEY, PINCHAS D ",07/21/2003,79051,178-17-7145,2017,25,
987,Cholomin,Noach,O,,"CHOLOMIN, NOACH O ",11/20/2019,91391,145-58-0116,2015,21,
988,Landman,Ahmed,N,,"LANDMAN, AHMED N ",04/17/2014,48423,519-82-3294,2016,25,
989,Bowmen,Porty,F,,"BOWMEN, PORTY F ",01/31/1999,22504,221-46-7462,2015,10,
990,Caldairou,Law,S,,"CALDAIROU, LAW S ",10/23/1997,61261,714-83-5387,2021,25,
991,Moncaster,Ripley,Z,,"MONCASTER, RIPLEY Z ",09/21/2019,31506,230-78-3222,2020,17,
992,Saenz,Otho,B,,"SAENZ, OTHO B ",10/22/2016,61369,655-43-2548,2016,22,
993,Van Baaren,Rawley,F,,"VAN BAAREN, RAWLEY F ",10/05/1998,70360,402-89-6810,2019,21,
994,Pollicott,Eb,A,,"POLLICOTT, EB A ",06/22/2016,36231,362-59-7617,2020,21,
995,Enticknap,Scarface,F,,"ENTICKNAP, SCARFACE F ",10/02/2004,38948,348-93-5223,2021,10,
996,Treadaway,Ibrahim,Q,,"TREADAWAY, IBRAHIM Q ",04/15/2010,60100,759-68-8257,2016,13,
997,Meron,Hugh,J,,"MERON, HUGH J ",10/08/2019,15039,678-55-1706,2021,21,
998,Sara,Mychal,M,,"SARA, MYCHAL M ",09/04/2006,97764,315-61-1643,2019,10,
999,Dast,Dunn,X,,"DAST, DUNN X ",09/08/2013,85758,209-32-6855,2018,11,
1000,Swane,Sargent,S,,"SWANE, SARGENT S ",04/26/1996,18577,377-40-0593,2020,24,
